NOMBRE,TIPO ELECCIÓN,ENTIDAD,CIRCUNSCRIPCIÓN,E-MAIL,PARTIDO,ESCOLARIDAD,ADHERENTE,APROBADAS,DE GRUPO,APROBADAS,I. INICIANTE,A. INICIANTE,DG,A.DG,TOTAL APROBADAS,TOTAL INICIATIVAS
Dip. Pedro Daniel Abasolo Sánchez,Representación proporcional,México ,5 ,pedro.abasolo@diputados.gob.mx ,Morena,Secundaria,1 ,0,15 ,10,0,0,0,0,10,16
Dip. Brasil Alberto Acosta Peña,Representación proporcional,México ,5 ,brasil.acosta@diputados.gob.mx ,Pri,Doctorado,43 ,5,1 ,0,1 ,0,0,0,5,45
Dip. Miguel Acundo González,Mayoría Relativa,Puebla ,1 ,miguel.acundo@diputados.gob.mx ,Encuentro,Ninguna,11 ,1,6 ,1,6 ,0,1 ,1,3,24
Dip. Marco Antonio Adame Castillo,Representación proporcional,Morelos ,4 ,marco.adame@diputados.gob.mx ,pan,Maestría,90 ,6,27 ,2,6 ,0,2 ,0,8,125
Dip. Heriberto Marcelo Aguilar Castillo,Mayoría Relativa,Sonora ,4 ,heriberto.aguilar@diputados.gob.mx ,Morena,Licenciatura,7 ,0,15 ,10,0,0,1 ,0,10,23
Dip. Ricardo Aguilar Castillo,Mayoría Relativa,México ,1 ,raguilar.castillo@diputados.gob.mx ,Pri,Licenciatura,45 ,2,1 ,0,3 ,0,1 ,0,2,50
Dip. Bonifacio Aguilar Linda,Mayoría Relativa,Veracruz ,18 ,bonifacio.aguilar@diputados.gob.mx ,Morena,Secundaria,9 ,1,15 ,10,0,0,0,0,11,24
Dip. Leticia Arlett Aguilar Molina,Mayoría Relativa,Chiapas ,9 ,leticia.aguilar@diputados.gob.mx ,Morena,Pasante,3 ,0,15 ,10,2 ,1,0,0,11,20
Dip. Marcos Aguilar Vega,Representación proporcional,Querétaro ,2 ,marcos.aguilar@diputados.gob.mx ,pan,Maestría,91 ,6,27 ,2,2 ,0,3 ,0,8,123
Dip. Adriana Aguilar Vázquez,Representación proporcional,San Luis Potosí ,2 ,aaguilar.vazquez@diputados.gob.mx ,Morena,Secundaria,20 ,1,15 ,10,0,0,0,0,11,35
Dip. Sebastián Aguilera Brenes,Representación proporcional,Chihuahua ,1 ,sebastian.aguilera@diputados.gob.mx ,Morena,Auxiliar Jurídico,3 ,0,15 ,10,1 ,1,0,0,11,19
Dip. Maribel Aguilera Chairez,Mayoría Relativa,Durango ,3 ,maribel.aguilera@diputados.gob.mx ,Morena,,1 ,0,15 ,10,0,0,0,0,10,16
Dip. José Guadalupe Aguilera Rojas,Mayoría Relativa,Michoacán ,11 ,josegpe.aguilera@diputados.gob.mx ,d01,,13 ,0,41 ,1,7 ,0,2 ,0,1,63
Dip. Aleida Alavez Ruiz,Mayoría Relativa,Ciudad de México ,19 ,aleida.alavez@diputados.gob.mx ,Morena,Licenciatura,1 ,0,15 ,10,3 ,0,0,0,10,19
Dip. Abril Alcalá Padilla,Mayoría Relativa,Jalisco ,8 ,abril.alcala@diputados.gob.mx ,d01,Doctorado,9 ,2,38 ,1,2 ,0,3 ,0,3,52
Dip. Jesús Sergio Alcántara Núñez,Representación proporcional,México ,5 ,jesus.alcantara@diputados.gob.mx ,vrd,Doctorado,14 ,1,29 ,2,1 ,0,27 ,4,7,71
Dip. Luis Javier Alegre Salazar,Representación proporcional,Quintana Roo ,3 ,luis.alegre@diputados.gob.mx ,Morena,Licenciatura,2 ,0,15 ,10,3 ,0,0,0,10,20
Dip. Maximino Alejandro Candelaria,Representación proporcional,Ciudad de México ,4 ,maximino.alejandro@diputados.gob.mx ,Morena,Secundaria,10 ,1,15 ,10,7 ,1,0,0,12,32
Dip. Nohemí Alemán Hernández,Representación proporcional,Tamaulipas ,2 ,nohemi.aleman@diputados.gob.mx ,pan,Maestría,112 ,7,27 ,2,6 ,0,2 ,0,9,147
Dip. María Alemán Muñoz Castillo,Representación proporcional,Querétaro ,2 ,aleman.munoz@diputados.gob.mx ,Pri,Maestría,43 ,2,1 ,0,11 ,3,0,0,5,55
Dip. María Isabel Alfaro Morales,Mayoría Relativa,Hidalgo ,4 ,maria.alfaro@diputados.gob.mx ,Morena,Seminario,10 ,0,15 ,10,0,0,1 ,0,10,26
Dip. Ma. Guadalupe Almaguer Pardo,Mayoría Relativa,San Luis Potosí ,6 ,guadalupe.almaguer@diputados.gob.mx ,d01,,11 ,0,41 ,1,10 ,0,6 ,0,1,68
Dip. Karla Yuritzi Almazán Burgos,Mayoría Relativa,México ,38 ,karla.almazan@diputados.gob.mx ,Morena,Licenciatura,10 ,1,15 ,10,2 ,0,0,0,11,27
Dip. Mónica Almeida López,Mayoría Relativa,Jalisco ,18 ,monica.almeida@diputados.gob.mx ,d01,Doctorado,7 ,0,41 ,1,4 ,0,1 ,0,1,53
Dip. María Ester Alonzo Morales,Mayoría Relativa,Yucatán ,2 ,maria.alonzo@diputados.gob.mx ,Pri,Diplomado,48 ,4,1 ,0,6 ,0,6 ,0,4,61
Dip. María Guillermina Alvarado Moreno,Mayoría Relativa,Nuevo León ,2 ,maria.alvarado@diputados.gob.mx ,Morena,Maestría,22 ,1,15 ,10,1 ,0,1 ,0,11,39
Dip. Ivonne Liliana Álvarez García,Representación proporcional,Nuevo León ,2 ,ivonne.alvarez@diputados.gob.mx ,Pri,Licenciatura,21 ,2,1 ,0,7 ,1,1 ,0,3,30
Dip. José Guadalupe Ambrocio Gachuz,Mayoría Relativa,Morelos ,5 ,jose.ambrocio@diputados.gob.mx ,Morena,Licenciatura,4 ,0,15 ,10,7 ,0,0,0,10,26
Dip. Socorro Irma Andazola Gómez,Mayoría Relativa,Baja California ,4 ,socorro.andazola@diputados.gob.mx ,Morena,Licenciatura,4 ,0,15 ,10,5 ,0,4 ,0,10,28
Dip. Marco Antonio Andrade Zavala,Representación proporcional,Chiapas ,3 ,antonio.andrade@diputados.gob.mx ,Morena,Maestría,2 ,0,15 ,10,1 ,1,0,0,11,18
Dip. Julio César Angeles Mendoza,Mayoría Relativa,Hidalgo ,5 ,julio.angeles@diputados.gob.mx ,Morena,,8 ,3,15 ,10,3 ,0,0,0,13,26
Dip. Pablo Guillermo Angulo Briceño,Representación proporcional,Campeche ,3 ,pablo.angulo@diputados.gob.mx ,Pri,Maestría,24 ,1,1 ,0,4 ,0,0,0,1,29
Dip. Carol Antonio Altamirano,Mayoría Relativa,Oaxaca ,5 ,carol.antonio@diputados.gob.mx ,Morena,Licenciatura,1 ,0,15 ,10,6 ,1,0,0,11,22
Dip. Edgar Eduardo Arenas Madrigal,Mayoría Relativa,México ,37 ,edgar.arenas@diputados.gob.mx ,Morena,Ninguna,0,0,4 ,1,0,0,0,0,1,4
Dip. Jorge Arturo Argüelles Victorero,Mayoría Relativa,Morelos ,4 ,jorge.arguelles@diputados.gob.mx ,Encuentro,Licenciatura,10 ,2,6 ,1,2 ,0,2 ,2,5,20
Dip. Justino Eugenio Arriaga Rojas,Mayoría Relativa,Guanajuato ,8 ,justino.arriaga@diputados.gob.mx ,pan,Maestría,95 ,7,27 ,2,4 ,0,2 ,0,9,128
Dip. Eleuterio Arrieta Sánchez,Mayoría Relativa,Veracruz ,13 ,eleuterio.arrieta@diputados.gob.mx ,Morena,Maestría,5 ,1,15 ,10,0,0,0,0,11,20
Dip. Felipe Rafael Arvizu De la Luz,Mayoría Relativa,México ,12 ,felipe.arvizu@diputados.gob.mx ,Morena,Licenciatura,9 ,0,15 ,10,2 ,0,1 ,0,10,27
Dip. Sergio Fernando Ascencio Barba,Mayoría Relativa,Guanajuato ,15 ,sergio.ascencio@diputados.gob.mx ,pan,Maestría,84 ,7,28 ,2,4 ,0,2 ,0,9,118
Dip. Reyna Celeste Ascencio Ortega,Representación proporcional,Michoacán ,5 ,reyna.ascencio@diputados.gob.mx ,Morena,Pasante,2 ,0,15 ,10,1 ,0,1 ,0,10,19
Dip. Karen Ivette Audiffred Fernández,Mayoría Relativa,Ciudad de México ,21 , ,Morena,Ninguna,2 ,0,0,0,0,0,0,0,0,2
Dip. Laura Patricia Avalos Magaña,Mayoría Relativa,Tabasco ,5 ,laura.avalos@diputados.gob.mx ,Morena,Licenciatura,6 ,1,15 ,10,0,0,4 ,0,11,25
Dip. Mildred Concepción Avila Vera,Mayoría Relativa,Quintana Roo ,3 ,mildred.avila@diputados.gob.mx ,Morena,Licenciatura,4 ,0,15 ,10,2 ,0,4 ,0,10,25
Dip. Carlos Iván Ayala Bobadilla,Mayoría Relativa,Sinaloa ,2 ,carlosivan.ayala@diputados.gob.mx ,Morena,Licenciatura,7 ,0,4 ,1,2 ,0,1 ,0,1,14
Dip. Ma. de los Ángeles Ayala Díaz,Mayoría Relativa,Guanajuato ,3 ,madelosangeles.ayala@diputados.gob.mx ,pan,Maestría,95 ,7,29 ,2,17 ,0,2 ,0,9,143
Dip. Frinné Azuara Yarzábal,Representación proporcional,San Luis Potosí ,2 ,frinne.azuara@diputados.gob.mx ,Pri,Maestría,40 ,3,1 ,0,2 ,0,0,0,3,43
Dip. Xavier Azuara Zúñiga,Representación proporcional,San Luis Potosí ,2 ,xavier.azuara@diputados.gob.mx ,pan,Licenciatura,92 ,6,29 ,2,3 ,0,2 ,0,8,126
Dip. Cuauhtli Fernando Badillo Moreno,Representación proporcional,San Luis Potosí ,2 ,cuauhtli.badillo@diputados.gob.mx ,Morena,Pasante,4 ,0,15 ,10,0,0,0,0,10,19
Dip. Socorro Bahena Jiménez,Representación proporcional,México ,5 ,socorro.bahena@diputados.gob.mx ,Morena,Secundaria,14 ,2,15 ,10,0,0,4 ,0,12,33
Dip. Manuel de Jesus Baldenebro Arredondo,Mayoría Relativa,Sonora ,1 ,manuel.baldenebro@diputados.gob.mx ,Encuentro,Especialidad,11 ,1,6 ,1,2 ,0,0,0,2,19
Dip. Esteban Barajas Barajas,Mayoría Relativa,Michoacán ,2 ,esteban.barajas@diputados.gob.mx ,Morena,Licenciatura,2 ,0,15 ,10,0,0,0,0,10,17
Dip. Rocío Barrera Badillo,Mayoría Relativa,Ciudad de México ,11 ,rocio.barrera@diputados.gob.mx ,Morena,Licenciatura,3 ,0,15 ,10,8 ,2,2 ,0,12,28
Dip. Laura Barrera Fortoul,Representación proporcional,México ,5 ,laura.barrera@diputados.gob.mx ,Pri,Maestría,49 ,4,1 ,0,8 ,0,1 ,0,4,59
Dip. Alejandro Barroso Chávez,Mayoría Relativa,Puebla ,15 ,alejandro.barroso@diputados.gob.mx ,Morena,Especialidad,2 ,0,15 ,10,1 ,0,0,0,10,18
Dip. Juan Angel Bautista Bravo,Mayoría Relativa,México ,31 ,juan.bautista@diputados.gob.mx ,Morena,Maestría,2 ,0,15 ,10,4 ,0,0,0,10,21
Dip. Maria del Carmen Bautista Peláez,Mayoría Relativa,Oaxaca ,9 ,maria.bautista@diputados.gob.mx ,Morena,,5 ,0,15 ,10,3 ,1,1 ,0,11,24
Dip. David Bautista Rivera,Representación proporcional,Puebla ,4 ,david.bautista@diputados.gob.mx ,Morena,Licenciatura,10 ,2,15 ,10,3 ,0,0,0,12,28
Dip. Mónica Bautista Rodríguez,Representación proporcional,México ,5 ,monica.bautista@diputados.gob.mx ,d01,,11 ,0,41 ,1,4 ,0,1 ,0,1,57
Dip. Oscar Bautista Villegas,Mayoría Relativa,San Luis Potosí ,3 ,oscar.bautista@diputados.gob.mx ,vrd,Maestría,11 ,0,29 ,2,2 ,0,28 ,4,6,70
Dip. Rosa María Bayardo Cabrera,Mayoría Relativa,Colima ,2 ,rosa.bayardo@diputados.gob.mx ,Morena,Licenciatura,1 ,0,4 ,1,1 ,0,0,0,1,6
Dip. Ana Laura Bernal Camarena,Mayoría Relativa,Sonora ,2 ,ana.bernal@diputados.gob.mx ,_PT,.,1 ,0,2 ,0,12 ,2,0,0,2,15
Dip. Mary Carmen Bernal Martínez,Mayoría Relativa,Michoacán ,3 ,mary.bernal@diputados.gob.mx ,_PT,Licenciatura,6 ,0,6 ,0,16 ,2,0,0,2,28
Dip. Víctor Blas López,Representación proporcional,Oaxaca ,3 ,victor.blas@diputados.gob.mx ,Morena,,1 ,0,15 ,10,0,0,0,0,10,16
Dip. Raúl Eduardo Bonifaz Moedano,Mayoría Relativa,Chiapas ,6 ,raul.bonifaz@diputados.gob.mx ,Morena,Ninguna,3 ,0,6 ,2,5 ,2,1 ,0,4,15
Dip. Raquel Bonilla Herrera,Mayoría Relativa,Veracruz ,5 ,raquel.bonilla@diputados.gob.mx ,Morena,Carrera Trunca,7 ,2,15 ,10,3 ,0,0,0,12,25
Dip. Madeleine Bonnafoux Alcaraz,Representación proporcional,Sonora ,1 ,madeleine.bonnafoux@diputados.gob.mx ,pan,Licenciatura,111 ,9,29 ,2,6 ,0,6 ,0,11,152
Dip. Francisco Javier Borrego Adame,Mayoría Relativa,Coahuila ,2 ,francisco.borrego@diputados.gob.mx ,Morena,Carrera Comercial,0,0,15 ,10,6 ,0,1 ,0,10,22
Dip. Itzcóatl Tonatiuh Bravo Padilla,Representación proporcional,Jalisco ,1 ,tonatiuhb@diputados.gob.mx ,ano,Doctorante,8 ,3,27 ,1,6 ,3,3 ,1,8,44
Dip. María Wendy Briceño Zuloaga,Mayoría Relativa,Sonora ,5 ,maria.briceno@diputados.gob.mx ,Morena,Maestría,2 ,0,15 ,10,0,0,4 ,0,10,21
Dip. Irasema del Carmen Buenfil Díaz,Mayoría Relativa,Campeche ,2 ,irasema.buenfil@diputados.gob.mx ,Encuentro,Licenciatura,6 ,0,5 ,1,2 ,0,0,0,1,13
Dip. Lyndiana Elizabeth Bugarín Cortés,Mayoría Relativa,Zacatecas ,2 ,lyndiana.bugarin@diputados.gob.mx ,vrd,Licenciatura,6 ,2,29 ,2,1 ,0,27 ,4,8,63
Dip. Teresa Burelo Cortazar,Mayoría Relativa,Tabasco ,2 ,teresa.burelo@diputados.gob.mx ,Morena,Carrera Técnica,1 ,0,15 ,10,0,0,0,0,10,16
Dip. Claudia Báez Ruiz,Mayoría Relativa,Puebla ,3 ,claudia.baez@diputados.gob.mx ,Encuentro,Licenciatura,16 ,1,6 ,1,4 ,1,0,0,3,26
Dip. Ma. del Carmen Cabrera Lagunas,Mayoría Relativa,Guerrero ,3 ,madelcarmen.cabrera@diputados.gob.mx ,Encuentro,Licenciatura,20 ,3,6 ,1,10 ,2,2 ,0,6,38
Dip. Samuel Calderón Medina,Representación proporcional,Morelos ,4 ,samuel.calderon@diputados.gob.mx ,Morena,Licenciatura,4 ,0,15 ,10,0,0,0,0,10,19
Dip. Rodrigo Calderón Salas,Mayoría Relativa,Veracruz ,7 ,rodrigo.calderon@diputados.gob.mx ,Morena,Carrera Comercial,8 ,0,15 ,10,1 ,0,0,0,10,24
Dip. José Ramón Cambero Pérez,Representación proporcional,Nayarit ,1 ,jose.cambero@diputados.gob.mx ,pan,.,79 ,4,28 ,2,2 ,0,3 ,0,6,112
Dip. Lenin Nelson Campos Córdova,Representación proporcional,San Luis Potosí ,2 ,lenin.campos@diputados.gob.mx ,Pri,Licenciatura,39 ,4,1 ,0,0,0,0,0,4,40
Dip. Ignacio Benjamín Campos Equihua,Mayoría Relativa,Michoacán ,9 ,ignacio.campos@diputados.gob.mx ,Morena,Maestría,3 ,0,15 ,10,2 ,0,0,0,10,20
Dip. Susana Cano González,Representación proporcional,México ,5 ,susana.cano@diputados.gob.mx ,Morena,Carrera Técnica,12 ,1,15 ,10,0,0,0,0,11,27
Dip. Juan José Canul Pérez,Mayoría Relativa,Yucatán ,5 ,juan.canul@diputados.gob.mx ,Pri,Secretario de Organización del Comité Directivo Estatal en Yucatán,35 ,2,1 ,0,0,0,1 ,0,2,37
Dip. Marco Antonio Carbajal Miranda,Representación proporcional,Sonora ,1 ,marco.carbajal@diputados.gob.mx ,Morena,Bachillerato ,2 ,1,15 ,10,0,0,1 ,0,11,18
Dip. Julio Carranza Aréas,Representación proporcional,Veracruz ,3 ,julio.carranza@diputados.gob.mx ,Morena,Pasante,5 ,0,15 ,10,0,0,0,0,10,20
Dip. Nelly Minerva Carrasco Godínez,Mayoría Relativa,México ,4 ,nelly.carrasco@diputados.gob.mx ,Morena,Licenciatura,33 ,3,15 ,10,1 ,0,0,0,13,49
Dip. Olegaria Carrazco Macías,Mayoría Relativa,Sinaloa ,6 ,olegaria.carrazco@diputados.gob.mx ,Morena,Posgrado,16 ,2,15 ,10,0,0,1 ,0,12,32
Dip. Carlos Carreón Mejía,Representación proporcional,Tlaxcala ,4 ,carlos.carreon@diputados.gob.mx ,pan,Licenciatura,85 ,5,27 ,2,2 ,0,2 ,0,7,116
Dip. Juana Carrillo Luna,Representación proporcional,México ,5 ,juana.carrillo@diputados.gob.mx ,Morena,Licenciatura,11 ,0,15 ,10,2 ,0,0,0,10,28
Dip. Miroslava Carrillo Martínez,Mayoría Relativa,México ,34 ,miroslava.carrillo@diputados.gob.mx ,Morena,Doctorado,12 ,2,15 ,10,0,0,0,0,12,27
Dip. Alejandro Carvajal Hidalgo,Mayoría Relativa,Puebla ,6 ,alejandro.carvajal@diputados.gob.mx ,Morena,,1 ,0,15 ,10,7 ,0,1 ,0,10,24
Dip. María Guadalupe Edith Castañeda Ortiz,Representación proporcional,México ,5 ,edith.castaneda@diputados.gob.mx ,Morena,Doctorado,32 ,2,15 ,10,4 ,0,0,0,12,51
Dip. Javier Julián Castañeda Pomposo,Mayoría Relativa,Baja California ,6 ,javier.castaneda@diputados.gob.mx ,Morena,Licenciatura,11 ,1,6 ,1,6 ,0,0,0,2,23
Dip. Carlos Humberto Castaños Valenzuela,Representación proporcional,Sinaloa ,1 ,carlos.castanos@diputados.gob.mx ,pan,Licenciatura,99 ,7,27 ,2,6 ,0,2 ,0,9,134
Dip. Katia Alejandra Castillo Lozano,Representación proporcional,Jalisco ,1 ,katia.castillo@diputados.gob.mx ,Morena,Carrera Técnica,1 ,0,15 ,10,4 ,1,4 ,0,11,24
Dip. Rubén Cayetano García,Mayoría Relativa,Guerrero ,8 ,ruben.cayetano@diputados.gob.mx ,Morena,Licenciatura,8 ,1,15 ,10,4 ,1,0,0,12,27
Dip. Martina Cazarez Yañez,Representación proporcional,San Luis Potosí ,2 ,martina.cazarez@diputados.gob.mx ,Morena,Consejera Estatal en San Luis Potosi,1 ,0,15 ,10,0,0,0,0,10,16
Dip. Jacobo David Cheja Alfaro,Representación proporcional,México ,5 ,jacobo.cheja@diputados.gob.mx ,ano,Licenciatura,30 ,5,27 ,1,2 ,0,1 ,0,6,60
Dip. Miguel Ángel Chico Herrera,Representación proporcional,Guanajuato ,2 ,miguel.chico@diputados.gob.mx ,Morena,Especialidad,1 ,0,15 ,10,2 ,2,2 ,0,12,20
Dip. María Chávez Pérez,Representación proporcional,Michoacán ,5 ,mchavez.perez@diputados.gob.mx ,Morena,Maestría,5 ,1,15 ,10,4 ,0,1 ,1,12,25
Dip. Carlos Elhier Cinta Rodríguez,Representación proporcional,Guanajuato ,2 ,carlos.cinta@diputados.gob.mx ,pan,Ninguna,6 ,0,0,0,2 ,0,1 ,0,0,9
Dip. Tatiana Clouthier Carrillo,Representación proporcional,Sinaloa ,1 ,tatiana.clouthier@diputados.gob.mx ,Morena,Otro,2 ,1,15 ,10,3 ,0,2 ,0,11,22
Dip. Armando Contreras Castillo,Representación proporcional,Oaxaca ,3 ,acontreras.castillo@diputados.gob.mx ,Morena,Licenciatura,6 ,1,15 ,10,3 ,1,1 ,1,13,25
Dip. Lourdes Celenia Contreras González,Mayoría Relativa,Jalisco ,13 ,lourdes.contreras@diputados.gob.mx ,ano,Licenciatura,20 ,3,27 ,1,6 ,0,3 ,0,4,56
Dip. Gustavo Contreras Montes,Mayoría Relativa,México ,8 ,gustavo.contreras@diputados.gob.mx ,Morena,Pasante,13 ,1,15 ,10,0,0,0,0,11,28
Dip. Jorge Francisco Corona Méndez,Representación proporcional,Quintana Roo ,3 ,jorge.corona@diputados.gob.mx ,vrd,Ninguna,1 ,0,0,0,0,0,7 ,2,2,8
Dip. Héctor René Cruz Aparicio,Mayoría Relativa,Baja California ,8 ,hector.cruz@diputados.gob.mx ,Encuentro,Maestría,15 ,2,6 ,1,6 ,0,0,0,3,27
Dip. Flora Tania Cruz Santos,Mayoría Relativa,Veracruz ,11 ,flora.cruz@diputados.gob.mx ,Morena,Maestría,8 ,1,15 ,10,3 ,2,1 ,0,13,27
Dip. Susana Beatriz Cuaxiloa Serrano,Representación proporcional,Puebla ,4 ,susana.cuaxiloa@diputados.gob.mx ,Morena,Licenciatura,9 ,1,15 ,10,12 ,1,0,0,12,36
Dip. Gabriela Cuevas Barron,Representación proporcional,Ciudad de México ,4 ,gabriela.cuevas@diputados.gob.mx ,Morena,,0,0,15 ,10,0,0,0,0,10,15
Dip. Luis Eleusis Leónidas Córdova Morán,Representación proporcional,Puebla ,4 ,eleusis.cordova@diputados.gob.mx ,Pri,Maestría,53 ,6,1 ,0,0,0,0,0,6,54
Dip. Lucio De Jesús Jiménez,Representación proporcional,Ciudad de México ,4 ,lucio.dejesus@diputados.gob.mx ,Morena,Secundaria,6 ,1,15 ,10,0,0,0,0,11,21
Dip. Patricia Del Carmen De La Cruz Delucio,Representación proporcional,Chiapas ,3 ,patricia.delacruz@diputados.gob.mx ,Morena,Primaria,5 ,0,15 ,10,1 ,1,1 ,0,11,22
Dip. Ricardo De la Peña Marshall,Mayoría Relativa,Tabasco ,6 ,ricardo.delapena@diputados.gob.mx ,Encuentro,Maestría,11 ,2,6 ,1,16 ,1,0,0,4,33
Dip. Fernando Donato De las Fuentes Hernández,Mayoría Relativa,Coahuila ,7 ,fernandodelasfuentes@diputados.gob.mx ,Pri,Licenciatura,13 ,1,1 ,0,6 ,0,1 ,0,1,21
Dip. Clementina Marta Dekker Gómez,Mayoría Relativa,Chiapas ,5 ,clementina.dekker@diputados.gob.mx ,_PT,Licenciatura,5 ,1,6 ,0,4 ,0,4 ,0,1,19
Dip. Diego Eduardo Del Bosque Villarreal,Representación proporcional,Coahuila ,2 ,diego.delbosque@diputados.gob.mx ,Morena,,3 ,0,15 ,10,1 ,0,0,0,10,19
Dip. Erika Vanessa Del Castillo Ibarra,Mayoría Relativa,Ciudad de México ,1 ,erika.delcastillo@diputados.gob.mx ,Morena,Licenciatura,12 ,1,15 ,10,0,0,0,0,11,27
Dip. Higinio Del Toro Pérez,Mayoría Relativa,Jalisco ,19 ,higinio.deltoro@diputados.gob.mx ,ano,Maestría,8 ,1,0,0,24 ,0,0,0,1,32
Dip. Mario Delgado Carrillo,Mayoría Relativa,Ciudad de México ,13 ,mario.delgado@diputados.gob.mx ,Morena,Maestría,3 ,0,15 ,10,13 ,5,5 ,3,18,36
Dip. José Ricardo Delsol Estrada,Mayoría Relativa,San Luis Potosí ,4 ,josericardo.delsol@diputados.gob.mx ,Morena,,0,0,15 ,10,1 ,0,1 ,0,10,17
Dip. María Elizabeth Diaz García,Mayoría Relativa,México ,13 ,maria.diaz@diputados.gob.mx ,Morena,Ninguna,7 ,0,15 ,10,0,0,4 ,0,10,26
Dip. Rosalinda Domínguez Flores,Mayoría Relativa,Oaxaca ,7 ,rosalinda.dominguez@diputados.gob.mx ,Morena,,1 ,0,15 ,10,2 ,1,0,0,11,18
Dip. Roberto Ángel Domínguez Rodríguez,Mayoría Relativa,México ,28 ,roberto.dominguez@diputados.gob.mx ,Morena,,6 ,0,15 ,10,0,0,1 ,0,10,22
Dip. Claudia Angélica Domínguez Vázquez,Mayoría Relativa,México ,14 ,claudia.dominguez@diputados.gob.mx ,_PT,Licenciatura,33 ,4,6 ,0,12 ,0,0,0,4,51
Dip. Adriana Dávila Fernández,Representación proporcional,Tlaxcala ,4 ,adriana.davila@diputados.gob.mx ,pan,Licenciatura,83 ,5,26 ,2,4 ,0,3 ,0,7,116
Dip. Leticia Díaz Aguilar,Representación proporcional,Ciudad de México ,4 ,leticia.diaz@diputados.gob.mx ,Morena,Carrera Trunca,19 ,3,15 ,10,1 ,0,0,0,13,35
Dip. Antonia Natividad Díaz Jiménez,Representación proporcional,Oaxaca ,3 ,antonia.diaz@diputados.gob.mx ,pan,Ninguna,26 ,2,1 ,0,3 ,0,2 ,0,2,32
Dip. Francisco Elizondo Garrido,Representación proporcional,Nuevo León ,2 ,francisco.elizondo@diputados.gob.mx ,Morena,,5 ,0,15 ,10,5 ,0,23 ,4,14,48
Dip. Olga Juliana Elizondo Guerra,Mayoría Relativa,Tamaulipas ,2 ,olga.elizondo@diputados.gob.mx ,_PT,Licenciatura,34 ,5,7 ,1,8 ,4,3 ,1,11,52
Dip. José Luis Elorza Flores,Mayoría Relativa,Chiapas ,12 ,jose.elorza@diputados.gob.mx ,Morena,Licenciatura,3 ,0,15 ,10,1 ,1,1 ,0,11,20
Dip. Arturo Escobar y Vega,Representación proporcional,Ciudad de México ,4 ,arturo.escobar@diputados.gob.mx ,vrd,Maestría,4 ,0,29 ,2,12 ,4,30 ,7,13,75
Dip. Jorge Arturo Espadas Galván,Mayoría Relativa,Guanajuato ,11 ,jorge.espadas@diputados.gob.mx ,pan,Posgrado,96 ,5,28 ,2,10 ,1,3 ,0,8,137
Dip. Gregorio Efraín Espadas Méndez,Mayoría Relativa,Tabasco ,3 ,gregorio.espadas@diputados.gob.mx ,Morena,Licenciatura,4 ,0,15 ,10,0,0,0,0,10,19
Dip. Frida Alejandra Esparza Márquez,Representación proporcional,Zacatecas ,2 ,frida.esparza@diputados.gob.mx ,d01,Licenciatura,11 ,0,42 ,1,8 ,0,2 ,0,1,63
Dip. Ma. Eugenia Leticia Espinosa Rivas,Mayoría Relativa,Guanajuato ,14 ,eugenia.espinosa@diputados.gob.mx ,pan,Maestría,94 ,7,29 ,2,7 ,0,3 ,0,9,133
Dip. Adriana María Guadalupe Espinosa de los Monteros García,Mayoría Relativa,Ciudad de México ,9 ,adriana.espinosa@diputados.gob.mx ,Morena,Posgrado,1 ,0,15 ,10,4 ,1,0,0,11,20
Dip. Juan Martín Espinoza Cárdenas,Mayoría Relativa,Jalisco ,17 ,juan.espinoza@diputados.gob.mx ,ano,Licenciatura,102 ,11,27 ,1,31 ,3,1 ,0,15,161
Dip. Juan Francisco Espinoza Eguia,Mayoría Relativa,Nuevo León ,9 ,francisco.espinoza@diputados.gob.mx ,Pri,Licenciatura,41 ,5,1 ,0,2 ,0,1 ,0,5,45
Dip. Brenda Espinoza Lopez,Representación proporcional,Morelos ,4 ,brenda.espinoza@diputados.gob.mx ,Morena,Licenciatura,1 ,0,15 ,10,4 ,1,0,0,11,20
Dip. Zulma Espinoza Mata,Representación proporcional,Nuevo León ,2 , ,vrd,Ninguna,1 ,0,0,0,0,0,2 ,0,0,3
Dip. María Bertha Espinoza Segura,Mayoría Relativa,Veracruz ,3 ,bertha.espinoza@diputados.gob.mx ,Morena,Carrera Trunca,8 ,0,15 ,10,1 ,0,0,0,10,24
Dip. Ricardo Francisco Exsome Zapata,Mayoría Relativa,Veracruz ,4 ,ricardo.exsome@diputados.gob.mx ,Morena,,0,0,15 ,10,0,0,0,0,10,15
Dip. Alan Jesús Falomir Saenz,Mayoría Relativa,Chihuahua ,8 ,alan.falomir@diputados.gob.mx ,ano,Pasante,26 ,6,27 ,1,6 ,1,1 ,0,8,60
Dip. Juan Enrique Farrera Esponda,Mayoría Relativa,Chiapas ,10 ,juan.farrera@diputados.gob.mx ,Morena,Carrera Trunca,2 ,0,15 ,10,0,0,0,0,10,17
Dip. Melba Nelia Farías Zambrano,Mayoría Relativa,Coahuila ,3 ,melba.farias@diputados.gob.mx ,Morena,Licenciatura,5 ,0,13 ,9,2 ,0,4 ,0,9,24
Dip. Francisco Favela Peñuñuri,Mayoría Relativa,México ,5 ,francisco.favela@diputados.gob.mx ,_PT,Licenciatura,4 ,0,6 ,0,3 ,0,2 ,0,0,15
Dip. Alfredo Femat Bañuelos,Mayoría Relativa,Zacatecas ,3 ,alfredo.femat@diputados.gob.mx ,_PT,Maestría,11 ,1,6 ,0,2 ,0,0,0,1,19
Dip. Nayeli Arlen Fernández Cruz,Representación proporcional,Ciudad de México ,4 ,nayeli.fernandez@diputados.gob.mx ,Morena,Maestría,13 ,1,15 ,10,6 ,0,21 ,4,15,55
Dip. Gerardo Fernández Noroña,Mayoría Relativa,Ciudad de México ,4 ,jgerardo.fernandez@diputados.gob.mx ,_PT,Licenciatura,5 ,2,6 ,0,1 ,0,2 ,1,3,14
Dip. Feliciano Flores Anguiano,Mayoría Relativa,Michoacán ,1 ,feliciano.flores@diputados.gob.mx ,Morena,Pasante,1 ,0,15 ,10,0,0,1 ,0,10,17
Dip. Lucía Flores Olivo,Representación proporcional,Ciudad de México ,4 ,lucia.flores@diputados.gob.mx ,Morena,Carrera Trunca,11 ,2,15 ,10,2 ,0,1 ,1,13,29
Dip. Ricardo Flores Suárez,Mayoría Relativa,Nuevo León ,4 ,ricardo.flores@diputados.gob.mx ,pan,.,89 ,6,28 ,2,7 ,2,2 ,0,10,126
Dip. Margarita Flores Sánchez,Representación proporcional,Nayarit ,1 ,margarita.flores@diputados.gob.mx ,Pri,.,43 ,2,1 ,0,3 ,0,0,0,2,47
Dip. Fernando Galindo Favela,Representación proporcional,Ciudad de México ,4 ,fernando.galindo@diputados.gob.mx ,Pri,Licenciatura,27 ,1,1 ,0,5 ,1,0,0,2,33
Dip. José Ricardo Gallardo Cardona,Mayoría Relativa,San Luis Potosí ,2 ,ricardo.gallardo@diputados.gob.mx ,vrd,,3 ,1,22 ,1,17 ,7,5 ,0,9,47
Dip. Martha Hortencia Garay Cadena,Mayoría Relativa,Coahuila ,4 ,martha.garay@diputados.gob.mx ,Pri,Carrera Comercial,49 ,4,1 ,0,6 ,2,1 ,0,6,57
Dip. Silvano Garay Ulloa,Representación proporcional,Tlaxcala ,4 ,silvano.garay@diputados.gob.mx ,_PT,,1 ,0,6 ,0,2 ,1,1 ,0,1,10
Dip. Carolina García Aguilar,Mayoría Relativa,México ,6 ,cgarcia.aguilar@diputados.gob.mx ,Encuentro,Delegada Nacional,24 ,3,6 ,1,6 ,1,0,0,5,36
Dip. Lidia García Anaya,Mayoría Relativa,Hidalgo ,6 ,lidia.garcia@diputados.gob.mx ,Morena,Maestría,38 ,0,15 ,10,1 ,0,0,0,10,54
Dip. Dorheny García Cayetano,Representación proporcional,Veracruz ,3 ,dorheny.garcia@diputados.gob.mx ,Morena,Licenciatura,10 ,1,15 ,10,1 ,0,4 ,0,11,30
Dip. Teófilo Manuel García Corpus,Representación proporcional,Oaxaca ,3 ,teofilo.garcia@diputados.gob.mx ,Morena,,2 ,0,23 ,1,4 ,1,1 ,0,2,30
Dip. José Luis García Duque,Mayoría Relativa,Nuevo León ,3 ,jgarcia.duque@diputados.gob.mx ,_PT,Licenciatura,48 ,7,7 ,1,2 ,0,1 ,0,8,58
Dip. Ricardo García Escalante,Mayoría Relativa,Veracruz ,1 ,rgarcia.escalante@diputados.gob.mx ,pan,Maestría,100 ,7,28 ,2,2 ,0,3 ,0,9,133
Dip. Margarita García García,Mayoría Relativa,Oaxaca ,3 ,margarita.garcia@diputados.gob.mx ,_PT,Licenciatura,7 ,1,6 ,0,13 ,0,0,0,1,26
Dip. Ana Ruth García Grande,Mayoría Relativa,Baja California Sur ,1 ,ruth.garcia@diputados.gob.mx ,_PT,,13 ,2,6 ,0,1 ,0,1 ,0,2,21
Dip. Ma. de Jesús García Guardado,Representación proporcional,Zacatecas ,2 ,mariadejesus.garcia@diputados.gob.mx ,Morena,Licenciatura,7 ,0,15 ,10,0,0,2 ,0,10,24
Dip. Raymundo García Gutiérrez,Mayoría Relativa,Guerrero ,6 ,raymundo.garcia@diputados.gob.mx ,d01,,6 ,0,42 ,1,8 ,0,1 ,0,1,57
Dip. Martha Elena García Gómez,Representación proporcional,Nayarit ,1 ,melena.garcia@diputados.gob.mx ,pan,Carrera Comercial,65 ,4,25 ,2,11 ,0,2 ,0,6,103
Dip. Jesús Fernando García Hernández,Mayoría Relativa,Sinaloa ,3 ,jesus.garcia@diputados.gob.mx ,Morena,Doctorante,8 ,0,15 ,10,13 ,2,1 ,0,12,37
Dip. Jorge Alcibíades García Lara,Representación proporcional,Baja California ,1 ,jorge.garcia@diputados.gob.mx ,ano,Licenciatura,36 ,8,27 ,1,9 ,0,1 ,0,9,73
Dip. Dulce Alejandra García Morlan,Representación proporcional,Oaxaca ,3 ,dulce.garcia@diputados.gob.mx ,pan,Posgrado,95 ,7,27 ,2,5 ,1,2 ,0,10,129
Dip. Absalón García Ochoa,Mayoría Relativa,Jalisco ,15 ,absalon.garcia@diputados.gob.mx ,pan,Licenciatura,89 ,6,28 ,2,2 ,0,3 ,0,8,122
Dip. Mariana Dunyaska García Rojas,Mayoría Relativa,Veracruz ,12 ,dunyaska.garcia@diputados.gob.mx ,pan,Doctorado,135 ,10,27 ,2,7 ,1,2 ,0,13,171
Dip. Edith García Rosales,Representación proporcional,Veracruz ,3 ,edith.garcia@diputados.gob.mx ,Morena,"Regidor(a), Veracruz - Tlaltetela",6 ,1,15 ,10,1 ,0,0,0,11,22
Dip. Agustín García Rubio,Representación proporcional,Michoacán ,5 ,agustin.garcia@diputados.gob.mx ,Morena,Licenciatura,2 ,0,15 ,10,0,0,0,0,10,17
Dip. Ulises García Soto,Mayoría Relativa,Chihuahua ,4 ,ulises.garcia@diputados.gob.mx ,Morena,Ninguna,1 ,0,15 ,10,6 ,0,0,0,10,22
Dip. Martha Olivia García Vidaña,Mayoría Relativa,Durango ,1 ,olivia.garcia@diputados.gob.mx ,Morena,Licenciatura,2 ,1,15 ,10,3 ,0,0,0,11,20
Dip. Julieta García Zepeda,Representación proporcional,Michoacán ,5 ,julieta.garcia@diputados.gob.mx ,Morena,Secundaria,23 ,0,15 ,10,0,0,0,0,10,38
Dip. Sylvia Violeta Garfias Cedillo,Representación proporcional,Aguascalientes ,2 ,sylvia.garfias@diputados.gob.mx ,pan,Licenciatura,83 ,6,27 ,2,1 ,0,6 ,0,8,117
Dip. Silvia Guadalupe Garza Galván,Representación proporcional,Coahuila ,2 ,silvia.garza@diputados.gob.mx ,pan,Maestría,85 ,5,27 ,2,7 ,0,2 ,0,7,121
Dip. Laura Erika de Jesús Garza Gutiérrez,Mayoría Relativa,Nuevo León ,7 ,laura.garza@diputados.gob.mx ,Encuentro,Maestría,43 ,9,6 ,1,7 ,0,0,0,10,56
Dip. María Libier González Anaya,Representación proporcional,Jalisco ,1 ,libier.gonzalez@diputados.gob.mx ,ano,Maestría,25 ,4,27 ,1,5 ,1,2 ,0,6,59
Dip. Sandra Paola González Castañeda,Mayoría Relativa,Nuevo León ,12 ,sandra.gonzalez@diputados.gob.mx ,Morena,Doctorado,8 ,0,15 ,10,3 ,0,1 ,0,10,27
Dip. Isaías González Cuevas,Representación proporcional,Baja California Sur ,1 ,isaias.gonzalez@diputados.gob.mx ,Pri,Secundaria,37 ,2,1 ,0,8 ,0,0,0,2,46
Dip. Armando González Escoto,Mayoría Relativa,Ciudad de México ,2 ,agonzalez.escoto@diputados.gob.mx ,Encuentro,Licenciatura,17 ,1,6 ,1,4 ,0,0,0,2,27
Dip. Martha Elisa González Estrada,Mayoría Relativa,Aguascalientes ,3 ,elisa.gonzalez@diputados.gob.mx ,pan,Maestría,87 ,6,28 ,2,9 ,0,2 ,0,8,126
Dip. Ana Priscila González García,Mayoría Relativa,Jalisco ,20 ,priscila.gonzalez@diputados.gob.mx ,ano,Licenciatura,21 ,2,27 ,1,10 ,0,2 ,0,3,60
Dip. Hildelisa González Morales,Mayoría Relativa,Sonora ,7 ,hildelisa.gonzalez@diputados.gob.mx ,_PT,Licenciatura,9 ,1,6 ,0,0,0,0,0,1,15
Dip. Karen Michel González Márquez,Mayoría Relativa,Guanajuato ,7 ,karen.gonzalez@diputados.gob.mx ,pan,.,95 ,5,27 ,2,3 ,0,2 ,0,7,127
Dip. Marco Antonio González Reyes,Representación proporcional,México ,5 ,marcoantoniogonzalez@diputados.gob.mx ,Morena,Licenciatura,11 ,2,15 ,10,1 ,0,1 ,0,12,28
Dip. Erasmo González Robledo,Mayoría Relativa,Tamaulipas ,7 ,erasmo.gonzalez@diputados.gob.mx ,Morena,Licenciatura,2 ,1,15 ,10,1 ,0,0,0,11,18
Dip. Santiago González Soto,Mayoría Relativa,Nuevo León ,5 ,santiago.gonzalez@diputados.gob.mx ,_PT,Maestría,18 ,1,6 ,0,4 ,0,0,0,1,28
Dip. Óscar González Yáñez,Mayoría Relativa,México ,27 ,oscar.gonzalez@diputados.gob.mx ,_PT,,2 ,0,5 ,0,1 ,0,0,0,0,8
Dip. Alfredo Antonio Gordillo Moreno,Mayoría Relativa,Chiapas ,2 , ,Morena,Ninguna,1 ,0,0,0,0,0,2 ,0,0,3
Dip. Raúl Gracia Guzmán,Representación proporcional,Nuevo León ,2 ,raul.gracia@diputados.gob.mx ,pan,Licenciatura,76 ,5,27 ,2,8 ,1,1 ,0,8,112
Dip. Norma Guel Saldívar,Representación proporcional,Aguascalientes ,2 ,norma.guel@diputados.gob.mx ,Pri,Maestría,46 ,5,1 ,0,4 ,0,0,0,5,51
Dip. Juanita Guerra Mena,Mayoría Relativa,Morelos ,3 ,juanita.guerra@diputados.gob.mx ,Morena,Maestría,11 ,2,15 ,10,4 ,0,1 ,0,12,31
Dip. Lizeth Amayrani Guerra Méndez,Representación proporcional,Veracruz ,3 ,lizeth.guerra@diputados.gob.mx ,Morena,Pasante,6 ,1,15 ,10,2 ,0,1 ,0,11,24
Dip. Isabel Margarita Guerra Villarreal,Representación proporcional,Nuevo León ,2 ,isabel.guerra@diputados.gob.mx ,pan,Maestría,126 ,10,28 ,2,7 ,4,2 ,0,16,163
Dip. Yolanda Guerrero Barrera,Mayoría Relativa,Michoacán ,5 ,yolanda.guerrero@diputados.gob.mx ,Morena,Licenciatura,5 ,0,15 ,10,0,0,0,0,10,20
Dip. Ana Lilia Guillén Quiroz,Mayoría Relativa,Michoacán ,8 ,ana.guillen@diputados.gob.mx ,Morena,,4 ,1,15 ,10,0,0,1 ,1,12,20
Dip. Daniel Gutiérrez Gutiérrez,Mayoría Relativa,Oaxaca ,10 ,daniel.gutierrez@diputados.gob.mx ,Morena,,0,0,15 ,10,2 ,0,0,0,10,17
Dip. Sergio Carlos Gutiérrez Luna,Representación proporcional,México ,5 ,sergio.gutierrez@diputados.gob.mx ,Morena,Maestría,0,0,4 ,1,2 ,0,0,0,1,6
Dip. María de los Angeles Gutiérrez Valdez,Mayoría Relativa,Chihuahua ,9 ,angeles.gutierrez@diputados.gob.mx ,pan,Licenciatura,132 ,11,28 ,2,6 ,3,2 ,0,16,168
Dip. Jesús Guzmán Avilés,Mayoría Relativa,Veracruz ,2 ,jguzman.aviles@diputados.gob.mx ,pan,Licenciatura,73 ,6,26 ,2,2 ,0,3 ,0,8,104
Dip. María Del Rosario Guzmán Avilés,Representación proporcional,Veracruz ,3 ,rosario.guzman@diputados.gob.mx ,pan,Licenciatura,78 ,7,26 ,2,1 ,0,2 ,0,9,107
Dip. Francisco Javier Guzmán De La Torre,Representación proporcional,Jalisco ,1 ,javier.guzman@diputados.gob.mx ,Morena,Secundaria,1 ,0,15 ,10,1 ,0,1 ,0,10,18
Dip. Edgar Guzmán Valdéz,Mayoría Relativa,Puebla ,7 ,edgar.guzman@diputados.gob.mx ,Morena,Pasante,21 ,3,15 ,10,3 ,0,0,0,13,39
Dip. Marco Antonio Gómez Alcantar,Representación proporcional,Sinaloa ,1 ,antonio.gomez@diputados.gob.mx ,vrd,Licenciatura,4 ,1,29 ,2,2 ,0,28 ,4,7,63
Dip. Annia Sarahí Gómez Cárdenas,Mayoría Relativa,Nuevo León ,6 ,annia.gomez@diputados.gob.mx ,pan,.,86 ,6,28 ,2,9 ,3,3 ,0,11,126
Dip. Maiella Martha Gabriela Gómez Maldonado,Mayoría Relativa,Puebla ,2 ,maiella.gomez@diputados.gob.mx ,ano,Licenciatura,15 ,3,27 ,1,12 ,0,2 ,0,4,56
Dip. Leticia Mariana Gómez Ordaz,Representación proporcional,México ,5 ,leticia.gomez@diputados.gob.mx ,vrd,Maestría,8 ,2,29 ,2,3 ,0,28 ,4,8,68
Dip. José Del Carmen Gómez Quej,Representación proporcional,Campeche ,3 ,josedelcarmen.gomez@diputados.gob.mx ,pan,Licenciatura,90 ,6,29 ,2,2 ,0,3 ,0,8,124
Dip. Manuel Gómez Ventura,Representación proporcional,Veracruz ,3 ,mgomez.ventura@diputados.gob.mx ,Morena,Licenciatura,11 ,0,15 ,10,1 ,1,0,0,11,27
Dip. Pablo Gómez Álvarez,Mayoría Relativa,Ciudad de México ,23 ,escribe@pablogomez.org ,Morena,,4 ,0,15 ,10,8 ,2,0,0,12,27
Dip. Ismael Alfredo Hernández Deras,Representación proporcional,Durango ,1 ,alfredo.hernandez@diputados.gob.mx ,Pri,Licenciatura,27 ,3,1 ,0,0,0,0,0,3,28
Dip. César Agustín Hernández Pérez,Mayoría Relativa,México ,30 ,cesar.hernandez@diputados.gob.mx ,Morena,Maestría,8 ,1,15 ,10,7 ,0,1 ,0,11,31
Dip. María Eugenia Hernández Pérez,Mayoría Relativa,México ,11 ,eugenia.hernandez@diputados.gob.mx ,Morena,Licenciatura,44 ,2,15 ,10,4 ,1,4 ,0,13,67
Dip. Arturo Roberto Hernández Tapia,Mayoría Relativa,México ,35 ,arturo.hernandez@diputados.gob.mx ,Morena,Maestría,8 ,3,15 ,10,3 ,1,0,0,14,26
Dip. Rafael Hernández Villalpando,Mayoría Relativa,Veracruz ,10 ,rafael.hernandezv@diputados.gob.mx ,Morena,Maestría,1 ,0,15 ,10,0,0,0,0,10,16
Dip. Ana Lilia Herrera Anzaldo,Representación proporcional,México ,5 ,ana.herrera@diputados.gob.mx ,Pri,Maestría,33 ,3,1 ,0,12 ,5,0,0,8,46
Dip. Samuel Herrera Chávez,Mayoría Relativa,Zacatecas ,4 ,samuel.herrera@diputados.gob.mx ,Morena,Maestría,21 ,3,15 ,10,2 ,0,0,0,13,38
Dip. Gonzalo Herrera Pérez,Mayoría Relativa,Michoacán ,7 ,gonzalo.herrera@diputados.gob.mx ,Morena,,6 ,0,15 ,10,0,0,1 ,0,10,22
Dip. Geraldina Isabel Herrera Vega,Mayoría Relativa,Jalisco ,10 ,geraldina.herrera@diputados.gob.mx ,ano,Maestría,30 ,3,27 ,1,5 ,0,2 ,0,4,64
Dip. Javier Ariel Hidalgo Ponce,Mayoría Relativa,Ciudad de México ,10 ,javier.hidalgo@diputados.gob.mx ,Morena,Licenciatura,12 ,1,15 ,10,8 ,2,0,0,13,35
Dip. Francisco Javier Huacus Esquivel,Mayoría Relativa,Michoacán ,12 ,francisco.huacus@diputados.gob.mx ,_PT,Licenciatura,7 ,0,6 ,0,2 ,0,0,0,0,15
Dip. Benjamín Saúl Huerta Corona,Mayoría Relativa,Puebla ,11 ,benjamin.huerta@diputados.gob.mx ,Morena,Licenciatura,2 ,0,15 ,10,2 ,1,0,0,11,19
Dip. Agustín Reynaldo Huerta González,Representación proporcional,Puebla ,4 ,agustin.huerta@diputados.gob.mx ,Morena,Licenciatura,3 ,0,15 ,10,0,0,3 ,0,10,21
Dip. Martha Huerta Hernández,Mayoría Relativa,Puebla ,5 , ,_PT,Maestría,0,0,1 ,0,0,0,0,0,0,1
Dip. Manuel Huerta Martínez,Representación proporcional,Guerrero ,4 ,mhuerta.martinez@diputados.gob.mx ,Morena,Licenciatura,6 ,1,15 ,10,2 ,0,1 ,0,11,24
Dip. María de los Ángeles Huerta del Río,Mayoría Relativa,México ,24 ,angeles.huerta@diputados.gob.mx ,Morena,Doctorante,1 ,0,15 ,10,2 ,0,0,0,10,18
Dip. Anilú Ingram Vallines,Representación proporcional,Veracruz ,3 ,anilu.ingram@diputados.gob.mx ,Pri,Maestría,23 ,1,1 ,0,10 ,2,0,0,3,34
Dip. Limbert Iván de Jesús Interian Gallegos,Mayoría Relativa,Yucatán ,3 ,limbert.interian@diputados.gob.mx ,Morena,Candidato a Diputado Federal por el V Distrito electoral de Yucatán,7 ,1,10 ,6,0,0,1 ,0,7,18
Dip. Miguel Pavel Jarero Velázquez,Mayoría Relativa,Nayarit ,1 ,miguel.jarero@diputados.gob.mx ,Morena,Licenciatura,2 ,0,15 ,10,0,0,1 ,0,10,18
Dip. Lorena del Socorro Jiménez Andrade,Mayoría Relativa,Jalisco ,5 ,lorena.jimenez@diputados.gob.mx ,Morena,Maestría,6 ,0,15 ,10,3 ,0,0,0,10,24
Dip. María Roselia Jiménez Pérez,Mayoría Relativa,Chiapas ,8 ,roselia.jimenez@diputados.gob.mx ,_PT,Licenciatura,0,0,6 ,0,2 ,0,0,0,0,8
Dip. Héctor Guillermo de Jesús Jiménez y Meneses,Mayoría Relativa,Puebla ,13 ,hector.jimenez@diputados.gob.mx ,Morena,Licenciatura,1 ,0,15 ,10,2 ,0,1 ,0,10,19
Dip. Irma Juan Carlos,Mayoría Relativa,Oaxaca ,2 ,irma.juan@diputados.gob.mx ,Morena,Maestría,27 ,2,15 ,10,6 ,1,0,0,13,48
Dip. Rene Juárez Cisneros,Representación proporcional,Guerrero ,4 ,rene.juarez@diputados.gob.mx ,Pri,Licenciatura,13 ,1,1 ,0,10 ,5,2 ,1,7,26
Dip. Verónica Beatriz Juárez Piña,Representación proporcional,Jalisco ,1 ,veronica.juarez@diputados.gob.mx ,d01,Licenciatura,8 ,2,42 ,1,34 ,3,7 ,1,7,91
Dip. Miguel Ángel Jáuregui Montes de Oca,Mayoría Relativa,Ciudad de México ,3 ,miguel.jauregui@diputados.gob.mx ,Morena,Licenciatura,2 ,0,15 ,10,16 ,1,0,0,11,33
Dip. Kehila Abigail Ku Escalante,Mayoría Relativa,Jalisco ,11 ,kehila.ku@diputados.gob.mx ,ano,Maestría,21 ,3,27 ,1,0,0,3 ,0,4,51
Dip. Carlos Javier Lamarque Cano,Mayoría Relativa,Sonora ,6 ,carlos.lamarque@diputados.gob.mx ,Morena,Licenciatura,2 ,0,15 ,10,1 ,1,1 ,0,11,19
Dip. Claudia Elena Lastra Muñoz,Mayoría Relativa,Chihuahua ,3 ,claudia.lastra@diputados.gob.mx ,_PT,,12 ,1,6 ,0,0,0,0,0,1,18
Dip. Manuel Limón Hernández,Representación proporcional,Veracruz ,3 ,manuel.limon@diputados.gob.mx ,Pri,Bachillerato ,59 ,4,1 ,0,0,0,0,0,4,60
Dip. José Elías Lixa Abimerhi,Mayoría Relativa,Yucatán ,4 ,elias.lixa@diputados.gob.mx ,pan,Doctorado,102 ,7,28 ,2,3 ,0,1 ,0,9,134
Dip. Fabiola Raquel Guadalupe Loya Hernández,Mayoría Relativa,Jalisco ,6 ,fabiola.loya@diputados.gob.mx ,ano,Licenciatura,21 ,3,27 ,1,22 ,0,7 ,0,4,77
Dip. Pilar Lozano Mac Donald,Representación proporcional,Nuevo León ,2 ,pilar.lozano@diputados.gob.mx ,ano,Maestría,14 ,1,27 ,1,5 ,0,2 ,0,2,48
Dip. Adriana Lozano Rodríguez,Mayoría Relativa,Tamaulipas ,4 ,adriana.lozano@diputados.gob.mx ,Encuentro,Licenciatura,14 ,3,6 ,1,1 ,0,1 ,1,5,22
Dip. Francisco Javier Luévano Núñez,Mayoría Relativa,Aguascalientes ,1 ,francisco.luevano@diputados.gob.mx ,pan,Carrera Trunca,81 ,4,26 ,2,5 ,0,2 ,0,6,114
Dip. Delfino López Aparicio,Mayoría Relativa,México ,25 ,delfino.lopez@diputados.gob.mx ,Morena,Maestría,5 ,0,15 ,10,0,0,1 ,0,10,21
Dip. Ana Paola López Birlain,Mayoría Relativa,Querétaro ,5 ,ana.lopez@diputados.gob.mx ,pan,Maestría,89 ,4,26 ,2,5 ,0,2 ,0,6,122
Dip. Manuel López Castillo,Representación proporcional,Sonora ,1 ,manuel.lopez@diputados.gob.mx ,Morena,Licenciatura,5 ,1,15 ,10,2 ,0,1 ,0,11,23
Dip. Cynthia Iliana López Castro,Representación proporcional,Ciudad de México ,4 ,cynthia.lopez@diputados.gob.mx ,Pri,Doctorado,16 ,1,1 ,0,6 ,0,4 ,0,1,27
Dip. Maria Beatriz López Chávez,Representación proporcional,Ciudad de México ,4 ,beatriz.lopez@diputados.gob.mx ,Morena,Especialidad,14 ,2,15 ,10,3 ,2,1 ,1,15,33
Dip. José Martín López Cisneros,Mayoría Relativa,Nuevo León ,10 ,jose.lopez@diputados.gob.mx ,pan,.,90 ,6,28 ,2,6 ,1,2 ,0,9,126
Dip. María Teresa López Pérez,Representación proporcional,Jalisco ,1 ,teresa.lopez@diputados.gob.mx ,Morena,Maestría,5 ,0,15 ,10,5 ,1,0,0,11,25
Dip. Claudia López Rayón,Mayoría Relativa,Ciudad de México ,5 ,claudia.lopez@diputados.gob.mx ,Morena,Carrera Técnica,9 ,2,15 ,10,1 ,0,0,0,12,25
Dip. Abelina López Rodríguez,Mayoría Relativa,Guerrero ,4 ,abelina.lopez@diputados.gob.mx ,Morena,Maestría,11 ,0,15 ,10,3 ,0,1 ,0,10,30
Dip. Nelly Maceda Carrera,Mayoría Relativa,Puebla ,14 ,nelly.maceda@diputados.gob.mx ,_PT,Carrera Técnica,0,0,16 ,10,0,0,0,0,10,16
Dip. Felipe Fernando Macías Olvera,Mayoría Relativa,Querétaro ,4 ,felipe.macias@diputados.gob.mx ,pan,Maestría,93 ,6,28 ,2,7 ,4,3 ,0,12,131
Dip. Julieta Macías Rábago,Representación proporcional,Ciudad de México ,4 ,julieta.macias@diputados.gob.mx ,ano,Licenciatura,40 ,4,27 ,1,22 ,2,3 ,0,7,92
Dip. Mirna Zabeida Maldonado Tapia,Mayoría Relativa,Zacatecas ,1 ,mirna.maldonado@diputados.gob.mx ,Morena,Doctorado,7 ,1,15 ,10,0,0,1 ,0,11,23
Dip. Emilio Manzanilla Téllez,Mayoría Relativa,México ,16 ,emilio.manzanilla@diputados.gob.mx ,_PT,Licenciatura,7 ,0,6 ,0,2 ,0,0,0,0,15
Dip. Javier Manzano Salazar,Mayoría Relativa,Guerrero ,5 ,javier.manzano@diputados.gob.mx ,Morena,Profesor,0,0,15 ,10,0,0,0,0,10,15
Dip. José Rigoberto Mares Aguilar,Representación proporcional,Baja California Sur ,1 ,jose.mares@diputados.gob.mx ,pan,Licenciatura,90 ,6,27 ,2,3 ,0,2 ,0,8,122
Dip. Emeteria Claudia Martínez Aguilar,Representación proporcional,Chiapas ,3 ,emteria.martinez@diputados.gob.mx ,Morena,Licenciatura,4 ,0,15 ,10,3 ,1,1 ,0,11,23
Dip. Carlos Enrique Martínez Aké,Mayoría Relativa,Campeche ,1 ,cenrique.martinez@diputados.gob.mx ,Morena,Pasante,3 ,0,15 ,10,0,0,0,0,10,18
Dip. Juan Martínez Flores,Mayoría Relativa,Veracruz ,16 ,jmartinez.flores@diputados.gob.mx ,Morena,Licenciatura,7 ,0,15 ,10,3 ,0,0,0,10,25
Dip. Laura Martínez González,Representación proporcional,Ciudad de México ,4 ,laura.martinez@diputados.gob.mx ,Morena,Bachillerato | Nivel Medio Superior,21 ,2,15 ,10,6 ,0,4 ,0,12,46
Dip. Jacquelina Martínez Juárez,Representación proporcional,Zacatecas ,2 ,jacquelina.martinez@diputados.gob.mx ,pan,Maestría,99 ,9,25 ,2,2 ,0,6 ,0,11,132
Dip. Maribel Martínez Ruiz,Representación proporcional,Oaxaca ,3 ,mmartinez.ruiz@diputados.gob.mx ,_PT,Maestría,18 ,1,6 ,0,27 ,2,4 ,0,3,55
Dip. Oscar Daniel Martínez Terrazas,Representación proporcional,Morelos ,4 ,oscar.martinez@diputados.gob.mx ,pan,Licenciatura,93 ,6,28 ,2,3 ,0,2 ,0,8,126
Dip. Luis Enrique Martínez Ventura,Mayoría Relativa,México ,32 ,luisenrique.martinez@diputados.gob.mx ,_PT,,3 ,0,16 ,10,0,0,0,0,10,19
Dip. María Teresa Marú Mejía,Mayoría Relativa,México ,3 ,maria.maru@diputados.gob.mx ,_PT,Pasante,3 ,1,6 ,0,4 ,1,0,0,2,13
Dip. Mario Mata Carrasco,Mayoría Relativa,Chihuahua ,5 ,mmata.carrasco@diputados.gob.mx ,pan,Licenciatura,89 ,6,27 ,2,7 ,1,3 ,0,9,126
Dip. Lizbeth Mata Lozano,Representación proporcional,Baja California ,1 ,lizbeth.mata@diputados.gob.mx ,pan,Maestría,89 ,6,28 ,2,5 ,0,2 ,0,8,124
Dip. Hirepan Maya Martínez,Representación proporcional,Michoacán ,5 ,hirepan.maya@diputados.gob.mx ,Morena,Secundaria,6 ,0,15 ,10,0,0,0,0,10,21
Dip. Sergio Mayer Bretón,Mayoría Relativa,Ciudad de México ,6 ,sergio.mayer@diputados.gob.mx ,Morena,Licenciatura,8 ,0,15 ,10,5 ,0,0,0,10,28
Dip. Carmen Medel Palma,Mayoría Relativa,Veracruz ,14 ,carmen.medel@diputados.gob.mx ,Morena,Maestría,7 ,1,15 ,10,4 ,0,1 ,0,11,27
Dip. Benito Medina Herrera,Representación proporcional,Baja California ,1 ,benito.medina@diputados.gob.mx ,Pri,Maestría,49 ,5,1 ,0,0,0,1 ,0,5,51
Dip. Adriana Gabriela Medina Ortíz,Mayoría Relativa,Jalisco ,12 ,gabriela.medina@diputados.gob.mx ,ano,Licenciatura,14 ,2,27 ,1,26 ,1,3 ,0,4,70
Dip. Marco Antonio Medina Pérez,Representación proporcional,Veracruz ,3 ,marco.medina@diputados.gob.mx ,Morena,Pasante,2 ,0,15 ,10,4 ,0,0,0,10,21
Dip. Maria Esther Mejía Cruz,Mayoría Relativa,Chihuahua ,1 ,maria.mejia@diputados.gob.mx ,Morena,,3 ,0,15 ,10,2 ,0,0,0,10,20
Dip. Luis Alberto Mendoza Acevedo,Mayoría Relativa,Ciudad de México ,15 ,luisalberto.mendoza@diputados.gob.mx ,pan,Licenciatura,80 ,7,26 ,2,6 ,0,2 ,0,9,114
Dip. Edith Marisol Mercado Torres,Representación proporcional,México ,5 ,edith.mercado@diputados.gob.mx ,Morena,Otro,11 ,2,15 ,10,0,0,0,0,12,26
Dip. Virginia Merino García,Representación proporcional,Oaxaca ,3 ,virginia.merino@diputados.gob.mx ,Morena,Bachillerato | Nivel Medio Superior,3 ,1,8 ,5,1 ,1,1 ,0,7,13
Dip. María del Rosario Merlín García,Mayoría Relativa,Guerrero ,9 ,maria.merlin@diputados.gob.mx ,Morena,Licenciatura,4 ,0,15 ,10,0,0,0,0,10,19
Dip. Moisés Ignacio Mier Velazco,Representación proporcional,Puebla ,4 ,moises.mier@diputados.gob.mx ,Morena,,1 ,0,15 ,10,1 ,0,0,0,10,17
Dip. Jesús Salvador Minor Mora,Mayoría Relativa,Baja California ,1 ,jesus.minor@diputados.gob.mx ,Morena,Licenciatura,1 ,0,15 ,10,0,0,0,0,10,16
Dip. Luis Enrique Miranda Nava,Representación proporcional,México ,5 ,luis.miranda@diputados.gob.mx ,Pri,Licenciatura,19 ,2,1 ,0,0,0,1 ,0,2,21
Dip. Alejandro Mojica Toledo,Mayoría Relativa,Morelos ,1 ,alejandro.mojica@diputados.gob.mx ,Morena,Carrera Trunca,5 ,0,15 ,10,0,0,0,0,10,20
Dip. Víctor Adolfo Mojica Wences,Mayoría Relativa,Guerrero ,1 ,victor.mojica@diputados.gob.mx ,Morena,Especialidad,10 ,0,15 ,10,5 ,0,0,0,10,30
Dip. Irineo Molina Espinoza,Mayoría Relativa,Oaxaca ,1 ,irineo.molina@diputados.gob.mx ,Morena,Licenciatura,6 ,0,15 ,10,12 ,3,0,0,13,33
Dip. José Luis Montalvo Luna,Mayoría Relativa,México ,39 ,jose.montalvo@diputados.gob.mx ,_PT,Doctorado,7 ,1,6 ,0,9 ,3,0,0,4,22
Dip. María de Lourdes Montes Hernández,Mayoría Relativa,Durango ,2 ,lourdes.montes@diputados.gob.mx ,Morena,Ninguna,3 ,1,0,0,1 ,0,0,0,1,4
Dip. Jorge Luis Montes Nieves,Mayoría Relativa,Querétaro ,2 ,jorge.montes@diputados.gob.mx ,Morena,Licenciatura,5 ,0,15 ,10,4 ,0,0,0,10,25
Dip. Carmen Mora García,Mayoría Relativa,Veracruz ,9 ,carmen.mora@diputados.gob.mx ,Morena,Secundaria,6 ,0,15 ,10,1 ,0,1 ,0,10,23
Dip. María Teresa Rebeca Rosa Mora Ríos,Mayoría Relativa,México ,22 ,teresa.mora@diputados.gob.mx ,Morena,Licenciatura,17 ,2,15 ,10,3 ,0,0,0,12,35
Dip. Erik Isaac Morales Elvira,Mayoría Relativa,Baja California ,7 ,erik.morales@diputados.gob.mx ,Morena,Secretario del Deporte en el Comité Municipal de Baja California,0,0,15 ,10,6 ,2,0,0,12,21
Dip. Eudoxio Morales Flores,Mayoría Relativa,Puebla ,12 ,eudoxio.morales@diputados.gob.mx ,Encuentro,Doctorado,15 ,0,1 ,0,1 ,0,1 ,0,0,18
Dip. Carlos Alberto Morales Vázquez,Representación proporcional,Chiapas ,3 ,carlos.morales@diputados.gob.mx ,_SP,Licenciatura,2 ,0,0,0,2 ,0,0,0,0,4
Dip. Rubén Ignacio Moreira Valdez,Representación proporcional,Coahuila ,2 ,ruben.moreira@diputados.gob.mx ,Pri,Maestría,24 ,1,1 ,0,20 ,0,0,0,1,45
Dip. Mario Ismael Moreno Gil,Mayoría Relativa,Baja California ,5 ,ismael.moreno@diputados.gob.mx ,Morena,Carrera Trunca,3 ,0,15 ,10,5 ,0,0,0,10,23
Dip. Esmeralda de los Angeles Moreno Medina,Mayoría Relativa,México ,26 ,esmeralda.moreno@diputados.gob.mx ,Encuentro,Maestría,12 ,2,5 ,1,5 ,1,0,0,4,22
Dip. Ulises Murguía Soto,Mayoría Relativa,México ,19 ,ulises.murguia@diputados.gob.mx ,Morena,Licenciatura,0,0,15 ,10,0,0,1 ,0,10,16
Dip. Janet Melanie Murillo Chávez,Mayoría Relativa,Guanajuato ,9 ,janet.murillo@diputados.gob.mx ,pan,Especialidad,101 ,7,28 ,2,7 ,0,2 ,0,9,138
Dip. Porfirio Muñoz Ledo ,Representación proporcional,Ciudad de México ,4 ,porfirio.munozledo@diputados.gob.mx ,Morena,Doctorado,0,0,15 ,10,8 ,1,0,0,11,23
Dip. Miguel Ángel Márquez González,Representación proporcional,Jalisco ,1 ,miguel.marquez@diputados.gob.mx ,Morena,Licenciatura,3 ,0,15 ,10,0,0,1 ,0,10,19
Dip. Dulce María Méndez De La Luz Dauzón,Representación proporcional,Veracruz ,3 ,dulce.mendez@diputados.gob.mx ,ano,Licenciatura,41 ,7,27 ,1,10 ,1,4 ,0,9,82
Dip. Alma Delia Navarrete Rivera,Mayoría Relativa,México ,10 ,alma.navarrete@diputados.gob.mx ,Morena,Carrera Trunca,25 ,1,15 ,10,0,0,1 ,0,11,41
Dip. Ernesto Javier Nemer Alvarez,Representación proporcional,México ,5 ,ernesto.nemer@diputados.gob.mx ,Pri,Licenciatura,28 ,2,1 ,0,4 ,0,0,0,2,33
Dip. Martha Lizeth Noriega Galaz,Mayoría Relativa,Baja California ,2 ,martha.noriega@diputados.gob.mx ,Morena,Ninguna,0,0,0,0,1 ,0,0,0,0,1
Dip. Hortensia María Luisa Noroña Quezada,Representación proporcional,Jalisco ,1 ,hortensia.norona@diputados.gob.mx ,Pri,Carrera Trunca,32 ,3,1 ,0,7 ,0,0,0,3,40
Dip. Oscar Rafael Novella Macías,Representación proporcional,Zacatecas ,2 ,oscar.novella@diputados.gob.mx ,Morena,Maestría,9 ,1,15 ,10,2 ,1,0,0,12,26
Dip. Estela Núñez Alvarez,Mayoría Relativa,Tabasco ,1 ,estela.nunez@diputados.gob.mx ,Morena,Licenciatura,7 ,0,15 ,10,1 ,0,0,0,10,23
Dip. Sarai Núñez Cerón,Mayoría Relativa,Guanajuato ,12 ,sarai.nunez@diputados.gob.mx ,pan,Maestría,92 ,8,26 ,2,8 ,1,2 ,0,11,128
Dip. Manuela del Carmen Obrador Narváez,Mayoría Relativa,Chiapas ,1 ,manuela.obrador@diputados.gob.mx ,Morena,Licenciatura,0,0,15 ,10,1 ,1,0,0,11,16
Dip. Araceli Ocampo Manzanares,Mayoría Relativa,Guerrero ,2 ,araceli.ocampo@diputados.gob.mx ,Morena,Licenciatura,9 ,0,15 ,10,5 ,1,1 ,0,11,30
Dip. Enrique Ochoa Reza,Representación proporcional,Michoacán ,5 ,enrique.ochoa@diputados.gob.mx ,Pri,Doctorado,41 ,3,1 ,0,1 ,0,1 ,0,3,44
Dip. Zaira Ochoa Valdivia,Representación proporcional,Veracruz ,3 ,zaira.ochoa@diputados.gob.mx ,Morena,Maestría,6 ,1,15 ,10,0,0,0,0,11,21
Dip. Simey Olvera Bautista,Mayoría Relativa,Hidalgo ,3 ,simey.olvera@diputados.gob.mx ,Morena,Maestría,119 ,12,15 ,10,4 ,0,1 ,0,22,139
Dip. Vicente Alberto Onofre Vázquez,Mayoría Relativa,México ,33 ,vicente.onofre@diputados.gob.mx ,Morena,Otro,1 ,0,5 ,1,5 ,1,1 ,0,2,12
Dip. David Orihuela Nava,Mayoría Relativa,México ,23 ,david.orihuela@diputados.gob.mx ,Morena,Licenciatura,0,0,15 ,10,2 ,0,0,0,10,17
Dip. Antonio Ortega Martínez,Representación proporcional,Aguascalientes ,2 ,antonio.ortega@diputados.gob.mx ,d01,Licenciatura,6 ,1,42 ,1,8 ,1,2 ,0,3,58
Dip. Ma. del Pilar Ortega Martínez,Mayoría Relativa,Guanajuato ,6 ,pilar.ortega@diputados.gob.mx ,pan,Maestría,75 ,6,26 ,2,7 ,0,3 ,0,8,111
Dip. Hilda Patricia Ortega Nájera,Mayoría Relativa,Durango ,4 ,hilda.ortega@diputados.gob.mx ,Morena,Licenciatura,6 ,1,15 ,10,4 ,1,0,0,12,25
Dip. Juan Ortiz Guarneros,Representación proporcional,Veracruz ,3 ,juan.ortiz@diputados.gob.mx ,Pri,Licenciatura,53 ,5,1 ,0,0,0,1 ,0,5,55
Dip. Dolores Padierna Luna,Mayoría Relativa,Ciudad de México ,12 ,dolores.padierna@diputados.gob.mx ,Morena,Licenciatura,17 ,0,15 ,10,6 ,2,1 ,0,12,39
Dip. Lucio Ernesto Palacios Cordero,Representación proporcional,Ciudad de México ,4 ,ernesto.palacios@diputados.gob.mx ,Morena,Licenciatura,2 ,0,15 ,10,1 ,0,0,0,10,18
Dip. Carmen Patricia Palma Olvera,Mayoría Relativa,Quintana Roo ,2 ,carmen.palma@diputados.gob.mx ,Morena,Presidenta del Barzón en Quintana Roo,0,0,15 ,10,4 ,1,4 ,0,11,23
Dip. Alejandra Pani Barragán,Mayoría Relativa,Morelos ,2 ,alejandra.pani@diputados.gob.mx ,Morena,Maestría,4 ,1,15 ,10,3 ,0,0,0,11,22
Dip. Inés Parra Juárez,Mayoría Relativa,Puebla ,4 ,ines.parra@diputados.gob.mx ,Morena,Licenciatura,0,0,15 ,10,0,0,0,0,10,15
Dip. Claudia Pastor Badilla,Representación proporcional,Ciudad de México ,4 ,claudia.pastor@diputados.gob.mx ,Pri,Maestría,42 ,2,1 ,0,4 ,0,0,0,2,47
Dip. Cecilia Anunciación Patrón Laviada,Representación proporcional,Yucatán ,3 ,cecilia.patron@diputados.gob.mx ,pan,Licenciatura,109 ,8,27 ,2,3 ,1,3 ,0,11,142
Dip. Carlos Pavón Campos,Representación proporcional,Zacatecas ,2 ,carlos.pavon@diputados.gob.mx ,Pri,Secundaria,33 ,2,1 ,0,4 ,0,0,0,2,38
Dip. Ana Patricia Peralta De La Peña,Representación proporcional,Quintana Roo ,3 ,ana.peralta@diputados.gob.mx ,Morena,Licenciatura,17 ,1,15 ,10,6 ,0,30 ,4,15,68
Dip. Adela Piña Bernal,Representación proporcional,Ciudad de México ,4 ,adela.pina@diputados.gob.mx ,Morena,Licenciatura,3 ,0,15 ,10,2 ,0,2 ,2,12,22
Dip. Alejandro Ponce Cobos,Representación proporcional,Oaxaca ,3 ,alejandro.ponce@diputados.gob.mx ,Morena,Representante General,7 ,2,15 ,10,1 ,1,0,0,13,23
Dip. María Geraldine Ponce Méndez,Mayoría Relativa,Nayarit ,2 ,maria.ponce@diputados.gob.mx ,Morena,Licenciatura,2 ,0,15 ,10,0,0,0,0,10,17
Dip. Jesús de los Ángeles Pool Moo,Mayoría Relativa,Quintana Roo ,4 ,jesus.pool@diputados.gob.mx ,Morena,Licenciatura,1 ,0,15 ,10,0,0,0,0,10,16
Dip. Alfredo Porras Domínguez,Mayoría Relativa,Baja California Sur ,2 ,alfredo.porras@diputados.gob.mx ,_PT,Licenciatura,12 ,0,6 ,0,0,0,0,0,0,18
Dip. Miguel Prado de los Santos,Mayoría Relativa,Chiapas ,7 ,miguel.prado@diputados.gob.mx ,Morena,Licenciatura,0,0,15 ,10,0,0,0,0,10,15
Dip. Jorge Luis Preciado Rodríguez,Representación proporcional,Colima ,5 ,jorge.preciado@diputados.gob.mx ,pan,Maestría,76 ,5,27 ,2,4 ,0,2 ,0,7,109
Dip. Carmen Julia Prudencio González,Mayoría Relativa,Jalisco ,9 ,carmen.prudencio@diputados.gob.mx ,ano,Licenciatura,18 ,4,27 ,1,5 ,1,6 ,0,6,56
Dip. Ximena Puente De La Mora,Representación proporcional,Colima ,5 ,ximena.puente@diputados.gob.mx ,Pri,Doctorado,42 ,5,1 ,0,8 ,1,4 ,0,6,55
Dip. Carlos Alberto Puente Salas,Representación proporcional,Zacatecas ,2 ,carlos.puente@diputados.gob.mx ,vrd,Licenciatura,7 ,0,29 ,2,1 ,0,27 ,4,6,64
Dip. Alfonso Pérez Arroyo,Mayoría Relativa,Puebla ,9 ,alfonso.perez@diputados.gob.mx ,Morena,Ninguna,5 ,0,0,0,0,0,0,0,0,5
Dip. Jaime Humberto Pérez Bernabe,Mayoría Relativa,Veracruz ,6 ,jaime.perez@diputados.gob.mx ,Morena,Especialidad,13 ,1,15 ,10,0,0,1 ,0,11,29
Dip. Víctor Manuel Pérez Díaz,Representación proporcional,Nuevo León ,2 ,manuel.perez@diputados.gob.mx ,pan,Maestría,90 ,6,27 ,2,6 ,1,3 ,0,9,126
Dip. José Ángel Pérez Hernández,Mayoría Relativa,Coahuila ,6 ,joseangel.perez@diputados.gob.mx ,Encuentro,Licenciatura,14 ,1,5 ,1,3 ,0,1 ,0,2,23
Dip. Sergio Pérez Hernández,Representación proporcional,México ,5 ,sergio.perez@diputados.gob.mx ,Morena,Carrera Técnica,3 ,0,15 ,10,1 ,0,0,0,10,19
Dip. Beatriz Dominga Pérez López,Mayoría Relativa,Oaxaca ,6 ,beatriz.perez@diputados.gob.mx ,Morena,Licenciatura,5 ,0,15 ,10,4 ,1,1 ,0,11,25
Dip. Miriam Citlally Pérez Mackintosh,Representación proporcional,Nayarit ,1 ,miriam.perez@diputados.gob.mx ,Morena,Carrera Técnica,1 ,0,15 ,10,0,0,0,0,10,16
Dip. Soraya Pérez Munguía,Representación proporcional,Tabasco ,3 ,soraya.perez@diputados.gob.mx ,Pri,Maestría,33 ,2,1 ,0,11 ,1,0,0,3,45
Dip. Evaristo Lenin Pérez Rivera,Mayoría Relativa,Coahuila ,1 ,evaristo.perez@diputados.gob.mx ,pan,Maestría,97 ,6,27 ,2,8 ,0,2 ,0,8,134
Dip. Claudia Pérez Rodríguez,Mayoría Relativa,Tlaxcala ,3 ,claudia.perez@diputados.gob.mx ,Morena,Maestría,4 ,0,4 ,1,4 ,1,0,0,2,12
Dip. Laura Imelda Pérez Segura,Mayoría Relativa,Jalisco ,16 ,imelda.perez@diputados.gob.mx ,Morena,Licenciatura,0,0,15 ,10,2 ,0,0,0,10,17
Dip. Iván Arturo Pérez Negrón Ruiz,Mayoría Relativa,Michoacán ,10 ,ivan.pereznegron@diputados.gob.mx ,Encuentro,Doctorado,9 ,0,6 ,1,8 ,1,0,0,2,23
Dip. Roque Luis Rabelo Velasco,Mayoría Relativa,Chiapas ,4 ,roque.rabelo@diputados.gob.mx ,Morena,Bachillerato ,1 ,0,15 ,10,1 ,1,2 ,0,11,19
Dip. Verónica Ramos Cruz,Representación proporcional,Jalisco ,1 ,veronica.ramos@diputados.gob.mx ,Morena,Taller,1 ,0,15 ,10,1 ,0,0,0,10,17
Dip. Juan Israel Ramos Ruiz,Representación proporcional,Guanajuato ,2 ,juan.ramos@diputados.gob.mx ,Morena,Secundaria,1 ,0,15 ,10,3 ,0,0,0,10,19
Dip. Guadalupe Ramos Sotelo,Mayoría Relativa,Ciudad de México ,24 ,guadalupe.ramos@diputados.gob.mx ,Morena,Carrera Técnica,14 ,0,15 ,10,0,0,1 ,0,10,30
Dip. Mario Alberto Ramos Tamez,Mayoría Relativa,Tamaulipas ,5 ,mario.ramos@diputados.gob.mx ,ano,Maestría,24 ,5,27 ,1,6 ,0,1 ,0,6,58
Dip. Éctor Jaime Ramírez Barba,Mayoría Relativa,Guanajuato ,5 ,ramirezbarba@diputados.gob.mx ,pan,Doctorado,79 ,4,27 ,2,7 ,0,2 ,0,6,115
Dip. Alfonso Ramírez Cuellar,Mayoría Relativa,Ciudad de México ,14 ,alfonso.ramirez@diputados.gob.mx ,Morena,,1 ,0,15 ,10,2 ,0,0,0,10,18
Dip. Martha Patricia Ramírez Lucero,Representación proporcional,Baja California ,1 ,martha.ramirez@diputados.gob.mx ,Morena,Licenciatura,6 ,0,15 ,10,6 ,0,0,0,10,27
Dip. Francisco Javier Ramírez Navarrete,Representación proporcional,México ,5 ,javier.ramirez@diputados.gob.mx ,Morena,Licenciatura,3 ,0,15 ,10,4 ,1,0,0,11,22
Dip. Juan Francisco Ramírez Salcido,Mayoría Relativa,Jalisco ,14 ,jfrancisco.ramirez@diputados.gob.mx ,ano,Licenciatura,28 ,6,27 ,1,6 ,2,2 ,0,9,63
Dip. Carmina Yadira Regalado Mardueño,Representación proporcional,Nayarit ,1 ,carmina.regalado@diputados.gob.mx ,Morena,Licenciatura,3 ,0,15 ,10,6 ,1,0,0,11,24
Dip. Nancy Claudia Reséndiz Hernández,Mayoría Relativa,México ,41 ,nancy.resendiz@diputados.gob.mx ,Encuentro,Maestría,13 ,2,6 ,1,2 ,0,1 ,0,3,22
Dip. Emmanuel Reyes Carmona,Mayoría Relativa,Guanajuato ,13 ,emmanuel.reyes@diputados.gob.mx ,Morena,,6 ,0,22 ,1,18 ,0,4 ,0,1,50
Dip. Marco Antonio Reyes Colín,Mayoría Relativa,México ,40 ,marco.reyes@diputados.gob.mx ,Morena,Licenciatura,11 ,2,15 ,10,0,0,0,0,12,26
Dip. Armando Reyes Ledesma,Mayoría Relativa,Baja California ,3 ,armando.reyes@diputados.gob.mx ,_PT,Bachillerato ,6 ,1,6 ,0,6 ,0,0,0,1,18
Dip. Valentín Reyes López,Mayoría Relativa,Veracruz ,17 ,valentin.reyes@diputados.gob.mx ,Morena,"Presidente Municipal, Veracruz - Tres Valles",4 ,0,15 ,10,0,0,1 ,0,10,20
Dip. Idalia Reyes Miguel,Representación proporcional,Guerrero ,4 ,idalia.reyes@diputados.gob.mx ,Morena,Maestría,8 ,0,15 ,10,2 ,1,0,0,11,25
Dip. Claudia Reyes Montiel,Mayoría Relativa,México ,18 ,claudia.reyes@diputados.gob.mx ,d01,Maestría,4 ,1,43 ,1,11 ,0,2 ,0,2,60
Dip. Miguel Alonso Riggs Baeza,Mayoría Relativa,Chihuahua ,6 ,miguel.riggs@diputados.gob.mx ,pan,Maestría,106 ,6,27 ,2,4 ,1,3 ,0,9,140
Dip. Ana Lucia Riojas Martínez,Representación proporcional,Ciudad de México ,4 ,lucia.riojas@diputados.gob.mx ,_SP,Licenciatura,6 ,1,0,0,1 ,0,6 ,0,1,13
Dip. Fortunato Rivera Castillo,Mayoría Relativa,Hidalgo ,1 ,fortunato.rivera@diputados.gob.mx ,Morena,Especialidad,4 ,1,15 ,10,0,0,1 ,0,11,20
Dip. Marcelino Rivera Hernández,Mayoría Relativa,San Luis Potosí ,7 ,marcelino.rivera@diputados.gob.mx ,pan,Licenciatura,96 ,4,28 ,2,3 ,0,2 ,0,6,129
Dip. Cruz Juvenal Roa Sánchez,Mayoría Relativa,México ,36 ,cruz.roa@diputados.gob.mx ,Pri,Doctorado,43 ,6,1 ,0,2 ,0,1 ,0,6,47
Dip. Ernesto Alfonso Robledo Leal,Mayoría Relativa,Nuevo León ,11 ,alfonso.robledo@diputados.gob.mx ,pan,Doctorado,84 ,6,28 ,2,5 ,3,2 ,0,11,119
Dip. Maricruz Roblero Gordillo,Mayoría Relativa,Chiapas ,13 ,maricruz.roblero@diputados.gob.mx ,_PT,Licenciatura,5 ,1,6 ,0,3 ,0,0,0,1,14
Dip. Beatriz Silvia Robles Gutiérrez,Mayoría Relativa,Querétaro ,3 ,beatriz.robles@diputados.gob.mx ,Morena,Maestría,42 ,2,15 ,10,2 ,0,0,0,12,59
Dip. Benjamín Robles Montoya,Mayoría Relativa,Oaxaca ,8 ,benjamin.robles@diputados.gob.mx ,_PT,Maestría,2 ,1,6 ,0,24 ,1,0,0,2,32
Dip. Martha Robles Ortiz,Mayoría Relativa,México ,29 ,martha.robles@diputados.gob.mx ,Morena,Consejera estatal,46 ,5,15 ,10,0,0,1 ,0,15,62
Dip. Sonia Rocha Acosta,Mayoría Relativa,Querétaro ,1 ,sonia.rocha@diputados.gob.mx ,pan,Maestría,83 ,7,27 ,2,5 ,0,2 ,0,9,117
Dip. Ma. Sara Rocha Medina,Mayoría Relativa,San Luis Potosí ,1 ,sara.rocha@diputados.gob.mx ,Pri,Especialidad,24 ,1,1 ,0,7 ,0,0,0,1,32
Dip. Efraín Rocha Vega,Representación proporcional,Chihuahua ,1 ,efrain.rocha@diputados.gob.mx ,Morena,Licenciatura,4 ,0,15 ,10,0,0,1 ,0,10,20
Dip. Ediltrudis Rodríguez Arellano,Representación proporcional,Tabasco ,3 ,ediltrudis.rodriguez@diputados.gob.mx ,Morena,Licenciatura,4 ,0,15 ,10,1 ,0,1 ,0,10,21
Dip. Mario Alberto Rodríguez Carrillo,Mayoría Relativa,Jalisco ,4 ,mario.rodriguez@diputados.gob.mx ,ano,Doctorado,12 ,1,27 ,1,5 ,0,2 ,0,2,46
Dip. Manuel Rodríguez González,Mayoría Relativa,Tabasco ,4 ,manuel.rodriguez@diputados.gob.mx ,Morena,Maestría,2 ,0,15 ,10,3 ,0,0,0,10,20
Dip. Eraclio Rodríguez Gómez,Mayoría Relativa,Chihuahua ,7 ,eraclio.rodriguez@diputados.gob.mx ,Morena,,0,0,15 ,10,2 ,0,0,0,10,17
Dip. Mariana Rodríguez Mier Y Terán,Representación proporcional,Tamaulipas ,2 ,mariana.rodriguez@diputados.gob.mx ,Pri,Maestría,48 ,6,1 ,0,11 ,0,0,0,6,60
Dip. Iván Arturo Rodríguez Rivera,Representación proporcional,México ,5 ,ivan.rodriguez@diputados.gob.mx ,pan,Doctorado,94 ,6,27 ,2,3 ,1,2 ,0,9,126
Dip. Ana María Rodríguez Ruiz,Mayoría Relativa,Ciudad de México ,18 ,ana.rodriguez@diputados.gob.mx ,Morena,Diplomado,16 ,1,15 ,10,2 ,0,0,0,11,33
Dip. Ariel Rodríguez Vázquez,Mayoría Relativa,Guanajuato ,1 ,ariel.rodriguez@diputados.gob.mx ,ano,Doctorado,33 ,4,27 ,1,0,0,1 ,0,5,61
Dip. Norma Azucena Rodríguez Zamora,Representación proporcional,Veracruz ,3 ,norma.rodriguez@diputados.gob.mx ,d01,,6 ,1,42 ,1,9 ,0,1 ,0,2,58
Dip. Laura Angélica Rojas Hernández,Representación proporcional,México ,5 ,laura.rojas@diputados.gob.mx ,pan,Maestría,42 ,4,25 ,2,7 ,1,3 ,0,7,77
Dip. Beatriz Rojas Martínez,Mayoría Relativa,Ciudad de México ,7 ,beatriz.rojas@diputados.gob.mx ,Morena,Licenciatura,7 ,1,15 ,10,1 ,0,5 ,0,11,28
Dip. Ana Karina Rojo Pimentel,Mayoría Relativa,Ciudad de México ,20 ,ana.rojo@diputados.gob.mx ,_PT,Licenciatura,19 ,2,6 ,0,1 ,0,0,0,2,26
Dip. Jorge Romero Herrera,Representación proporcional,Ciudad de México ,4 ,jromero.herrera@diputados.gob.mx ,pan,Licenciatura,88 ,6,26 ,2,2 ,0,1 ,0,8,117
Dip. Juan Carlos Romero Hicks,Mayoría Relativa,Guanajuato ,4 ,romero.hicks@diputados.gob.mx ,pan,Maestría,87 ,5,27 ,2,11 ,8,4 ,1,16,129
Dip. Gloria Romero León,Representación proporcional,Hidalgo ,5 ,gloria.romero@diputados.gob.mx ,pan,Maestría,92 ,6,26 ,2,4 ,0,3 ,0,8,125
Dip. Martha Estela Romo Cuéllar,Mayoría Relativa,Jalisco ,2 ,estela.romo@diputados.gob.mx ,pan,Maestría,104 ,6,28 ,2,3 ,0,2 ,0,8,137
Dip. Guadalupe Romo Romo,Mayoría Relativa,Jalisco ,3 ,guadalupe.romo@diputados.gob.mx ,pan,Secundaria,86 ,7,28 ,2,2 ,0,3 ,0,9,119
Dip. María Guadalupe Román Ávila,Mayoría Relativa,México ,17 ,guadalupe.roman@diputados.gob.mx ,Morena,Carrera Técnica,25 ,1,15 ,10,0,0,1 ,0,11,41
Dip. Eduardo Ron Ramos,Mayoría Relativa,Jalisco ,1 ,eduardo.ron@diputados.gob.mx ,ano,Licenciatura,18 ,4,27 ,1,1 ,0,3 ,0,5,49
Dip. Luz Estefanía Rosas Martínez,Representación proporcional,Ciudad de México ,4 ,luz.rosas@diputados.gob.mx ,Morena,Pasante,1 ,0,22 ,1,5 ,0,1 ,0,1,29
Dip. José Salvador Rosas Quintanilla,Mayoría Relativa,Tamaulipas ,1 ,jose.rosas@diputados.gob.mx ,pan,Licenciatura,90 ,6,26 ,2,24 ,1,2 ,0,9,142
Dip. Erika Mariana Rosas Uribe,Representación proporcional,Sinaloa ,1 ,erika.rosas@diputados.gob.mx ,Morena,Licenciatura,30 ,4,15 ,10,7 ,1,26 ,4,19,78
Dip. María Rosete ,Mayoría Relativa,Ciudad de México ,8 ,maria.rosete@diputados.gob.mx ,Encuentro,Licenciatura,21 ,2,6 ,1,8 ,0,0,0,3,35
Dip. Roberto Antonio Rubio Montejo,Mayoría Relativa,Chiapas ,11 ,roberto.rubio@diputados.gob.mx ,vrd,Licenciatura,1 ,0,18 ,1,1 ,0,15 ,3,4,35
Dip. Ernesto Guillermo Ruffo Appel,Representación proporcional,Baja California ,1 ,ernesto.ruffo@diputados.gob.mx ,pan,Licenciatura,68 ,6,25 ,2,3 ,0,2 ,0,8,98
Dip. Maximiliano Ruiz Arias,Mayoría Relativa,Sinaloa ,1 ,maximiliano.ruiz@diputados.gob.mx ,Morena,Licenciatura,5 ,2,15 ,10,1 ,0,1 ,0,12,22
Dip. Hugo Rafael Ruiz Lustre,Representación proporcional,Hidalgo ,5 ,hugo.ruiz@diputados.gob.mx ,Morena,,0,0,15 ,10,2 ,0,0,0,10,17
Dip. Jorge Eugenio Russo Salido,Representación proporcional,Sonora ,1 ,jorge.russo@diputados.gob.mx ,ano,Licenciatura,16 ,3,27 ,1,0,0,3 ,0,4,46
Dip. Eulalio Juan Ríos Fararoni,Mayoría Relativa,Veracruz ,20 ,eulaliojuan.rios@diputados.gob.mx ,Morena,Pasante,2 ,0,15 ,10,1 ,0,1 ,0,10,19
Dip. Josefina Salazar Báez,Mayoría Relativa,San Luis Potosí ,5 ,josefina.salazar@diputados.gob.mx ,pan,Licenciatura,94 ,7,28 ,2,5 ,0,2 ,0,9,129
Dip. Luis Fernando Salazar Fernández,Mayoría Relativa,Coahuila ,5 ,luis.salazar@diputados.gob.mx ,Morena,Maestría,36 ,2,11 ,4,3 ,0,1 ,0,6,51
Dip. María Lucero Saldaña Pérez,Representación proporcional,Puebla ,4 ,lucero.saldana@diputados.gob.mx ,Pri,Doctorado,42 ,6,1 ,0,10 ,0,1 ,0,6,54
Dip. Francisco Javier Saldivar Camacho,Mayoría Relativa,Ciudad de México ,17 ,francisco.saldivar@diputados.gob.mx ,Encuentro,Carrera Trunca,11 ,0,6 ,1,5 ,0,0,0,1,22
Dip. Javier Salinas Narváez,Representación proporcional,México ,5 ,javier.salinas@diputados.gob.mx ,Morena,Doctorado,3 ,1,22 ,1,6 ,0,1 ,0,2,32
Dip. Ruth Salinas Reyes,Representación proporcional,México ,5 ,ruth.salinas@diputados.gob.mx ,ano,Coordinadora Regional de la Quinta Circunscripción,17 ,2,27 ,1,8 ,0,2 ,0,3,54
Dip. Hernán Salinas Wolberg,Mayoría Relativa,Nuevo León ,1 ,hernan.salinas@diputados.gob.mx ,pan,.,86 ,6,27 ,2,3 ,1,2 ,0,9,118
Dip. Nayeli Salvatori Bojalil,Mayoría Relativa,Puebla ,10 ,nayeli.salvatori@diputados.gob.mx ,Encuentro,Licenciatura,10 ,0,6 ,1,8 ,1,4 ,0,2,28
Dip. Reginaldo Sandoval Flores,Representación proporcional,Michoacán ,5 ,reginaldo.sandoval@diputados.gob.mx ,_PT,Licenciatura,6 ,1,6 ,0,16 ,7,3 ,1,9,31
Dip. María Liduvina Sandoval Mendoza,Representación proporcional,Colima ,5 ,liduvina.sandoval@diputados.gob.mx ,pan,Maestría,86 ,6,27 ,2,1 ,0,6 ,0,8,120
Dip. Lucinda Sandoval Soberanes,Representación proporcional,Sinaloa ,1 ,lucinda.sandoval@diputados.gob.mx ,Morena,,11 ,2,15 ,10,0,0,1 ,0,12,27
Dip. Azael Santiago Chepi,Mayoría Relativa,Oaxaca ,4 ,azael.santiago@diputados.gob.mx ,Morena,Maestría,4 ,0,15 ,10,7 ,4,0,0,14,26
Dip. Iran Santiago Manuel,Representación proporcional,Oaxaca ,3 ,iran.santiago@diputados.gob.mx ,Morena,Maestría,5 ,1,15 ,10,4 ,1,0,0,12,24
Dip. Nancy Yadira Santiago Marcos,Mayoría Relativa,Sinaloa ,5 ,yadira.marcos@diputados.gob.mx ,Morena,Licenciatura,18 ,2,15 ,10,0,0,1 ,0,12,34
Dip. Edelmiro Santiago Santos Díaz,Representación proporcional,Nuevo León ,2 ,edelmiro.santos@diputados.gob.mx ,Morena,Posgrado,12 ,1,15 ,10,6 ,0,0,0,11,33
Dip. Dulce María Sauri Riancho,Representación proporcional,Yucatán ,3 ,dulce.sauri@diputados.gob.mx ,Pri,Doctorado,15 ,0,1 ,0,22 ,2,2 ,0,2,40
Dip. Héctor Serrano Cortes,Representación proporcional,Ciudad de México ,4 ,hector.serrano@diputados.gob.mx ,_SP,Maestría,3 ,1,22 ,1,0,0,1 ,0,2,26
Dip. Jorge Ángel Sibaja Mendoza,Representación proporcional,Chiapas ,3 ,jorge.sibaja@diputados.gob.mx ,Morena,Ninguna,1 ,0,7 ,3,1 ,1,1 ,0,4,10
Dip. Verónica María Sobrado Rodríguez,Representación proporcional,Puebla ,4 ,veronica.sobrado@diputados.gob.mx ,pan,Maestría,103 ,8,28 ,2,5 ,0,7 ,0,10,143
Dip. María Marivel Solís Barrera,Representación proporcional,Hidalgo ,5 ,maria.solis@diputados.gob.mx ,Morena,Especialidad,47 ,1,15 ,10,7 ,0,0,0,11,69
Dip. Olga Patricia Sosa Ruíz,Mayoría Relativa,Tamaulipas ,8 ,olga.sosa@diputados.gob.mx ,Encuentro,Maestría,15 ,2,5 ,1,21 ,2,4 ,0,5,45
Dip. José de la Luz Sosa Salinas,Mayoría Relativa,Tlaxcala ,1 ,jose.sosa@diputados.gob.mx ,_PT,Carrera Técnica,4 ,0,7 ,1,2 ,0,1 ,0,1,14
Dip. Carlos Sánchez Barrios,Mayoría Relativa,Guerrero ,7 ,carlos.sanchezb@diputados.gob.mx ,Morena,Maestría,1 ,0,15 ,10,2 ,0,0,0,10,18
Dip. Anita Sánchez Castro,Mayoría Relativa,Michoacán ,6 ,anita.sanchez@diputados.gob.mx ,Morena,Especialidad,5 ,0,15 ,10,3 ,0,1 ,0,10,24
Dip. Miroslava Sánchez Galván,Representación proporcional,Coahuila ,2 ,miroslava.sanchez@diputados.gob.mx ,Morena,Licenciatura,2 ,0,15 ,10,1 ,0,0,0,10,18
Dip. Lourdes Erika Sánchez Martínez,Representación proporcional,Sinaloa ,1 ,erika.sanchez@diputados.gob.mx ,Pri,Maestría,40 ,3,1 ,0,3 ,0,0,0,3,44
Dip. Graciela Sánchez Ortiz,Mayoría Relativa,México ,21 ,graciela.sanchez@diputados.gob.mx ,Morena,Licenciatura,16 ,1,15 ,10,1 ,0,1 ,0,11,33
Dip. Juan Pablo Sánchez Rodríguez,Mayoría Relativa,México ,20 ,pablo.sanchez@diputados.gob.mx ,Morena,Doctorado,1 ,0,15 ,10,2 ,1,0,0,11,18
Dip. Raúl Ernesto Sánchez Barrales Zavalza,Mayoría Relativa,México ,15 ,raul.sanchezbarrales@diputados.gob.mx ,Morena,Posgrado,1 ,0,15 ,10,1 ,0,0,0,10,17
Dip. Martha Tagle Martínez,Representación proporcional,Ciudad de México ,4 ,martha.tagle@diputados.gob.mx ,ano,Licenciatura,11 ,3,27 ,1,11 ,1,8 ,0,5,57
Dip. Adriana Paulina Teissier Zavala,Mayoría Relativa,Quintana Roo ,1 ,adriana.teissier@diputados.gob.mx ,Encuentro,"Candidata a Diputada Local por Cozumel, Quintana Roo",5 ,1,5 ,1,4 ,0,0,0,2,14
Dip. Armando Tejeda Cid,Mayoría Relativa,Michoacán ,4 ,armando.tejeda@diputados.gob.mx ,pan,Maestría,86 ,6,27 ,2,2 ,0,2 ,0,8,117
Dip. Jannet Tellez Infante,Mayoría Relativa,Hidalgo ,7 ,jannet.tellez@diputados.gob.mx ,Morena,Licenciatura,43 ,1,15 ,10,0,0,1 ,0,11,59
Dip. Claudia Tello Espinosa,Mayoría Relativa,Veracruz ,8 ,claudia.tello@diputados.gob.mx ,Morena,Doctorado,6 ,0,15 ,10,0,0,1 ,0,10,22
Dip. Paola Tenorio Adame,Mayoría Relativa,Veracruz ,19 ,paola.tenorio@diputados.gob.mx ,Morena,Activista en Formación de Comités de Base,3 ,0,15 ,10,0,0,0,0,10,18
Dip. Patricia Terrazas Baca,Representación proporcional,Chihuahua ,1 ,patricia.terrazas@diputados.gob.mx ,pan,Maestría,109 ,7,28 ,2,1 ,0,2 ,0,9,140
Dip. Irma María Terán Villalobos,Representación proporcional,Sonora ,1 ,irma.teran@diputados.gob.mx ,Pri,Licenciatura,45 ,5,1 ,0,5 ,1,0,0,6,51
Dip. Rubén Terán Águila,Mayoría Relativa,Tlaxcala ,2 ,ruben.teran@diputados.gob.mx ,Morena,Licenciatura,2 ,0,15 ,10,5 ,0,0,0,10,22
Dip. Mauricio Alonso Toledo Gutiérrez,Representación proporcional,Ciudad de México ,4 ,mauricio.toledo@diputados.gob.mx ,_SP,,5 ,1,22 ,1,0,0,3 ,0,2,30
Dip. Elba Lorena Torres Díaz,Mayoría Relativa,Aguascalientes ,2 ,elba.torres@diputados.gob.mx ,Encuentro,Licenciatura,61 ,10,6 ,1,3 ,0,0,0,11,70
Dip. Fernando Torres Graciano,Representación proporcional,Guanajuato ,2 ,fernando.torres@diputados.gob.mx ,pan,Maestría,77 ,4,24 ,2,2 ,0,3 ,0,6,106
Dip. María Marcela Torres Peimbert,Representación proporcional,Querétaro ,2 ,marcela.torres@diputados.gob.mx ,pan,Maestría,77 ,5,25 ,2,8 ,4,3 ,0,11,113
Dip. Carlos Torres Piña,Representación proporcional,Michoacán ,5 ,ctorres.pina@diputados.gob.mx ,Morena,,7 ,1,22 ,1,4 ,0,2 ,1,3,35
Dip. Adolfo Torres Ramírez,Representación proporcional,Michoacán ,5 ,adolfo.torres@diputados.gob.mx ,pan,Licenciatura,95 ,5,27 ,2,1 ,0,2 ,0,7,125
Dip. José Isabel Trejo Reyes,Representación proporcional,Zacatecas ,2 ,jose.trejo@diputados.gob.mx ,pan,Licenciatura,84 ,4,25 ,2,1 ,0,1 ,0,6,111
Dip. Pedro Pablo Treviño Villarreal,Representación proporcional,Nuevo León ,2 ,pedro.trevino@diputados.gob.mx ,Pri,Maestría,23 ,2,1 ,0,2 ,0,0,0,2,26
Dip. Rosalba Valencia Cruz,Representación proporcional,Veracruz ,3 ,rosalba.valencia@diputados.gob.mx ,Morena,Licenciatura,23 ,2,15 ,10,1 ,0,0,0,12,39
Dip. Carlos Alberto Valenzuela González,Representación proporcional,Veracruz ,3 ,carlos.valenzuela@diputados.gob.mx ,pan,Maestría,88 ,6,28 ,2,11 ,0,2 ,0,8,129
Dip. Lorenia Iveth Valles Sampedro,Mayoría Relativa,Sonora ,3 ,lorenia.valles@diputados.gob.mx ,Morena,Maestría,7 ,0,15 ,10,8 ,1,0,0,11,30
Dip. Víctor Gabriel Varela López,Mayoría Relativa,Ciudad de México ,22 ,victor.varela@diputados.gob.mx ,Morena,,3 ,1,15 ,10,2 ,1,0,0,12,20
Dip. Ernesto Vargas Contreras,Mayoría Relativa,Nuevo León ,8 ,ernesto.vargas@diputados.gob.mx ,Encuentro,Licenciatura,20 ,2,6 ,1,9 ,1,0,0,4,35
Dip. Lidia Nallely Vargas Hernández,Representación proporcional,San Luis Potosí ,2 ,lidia.vargas@diputados.gob.mx ,Morena,Carrera Técnica,24 ,2,15 ,10,0,0,0,0,12,39
Dip. Teresita de Jesús Vargas Meraz,Mayoría Relativa,Chihuahua ,2 ,teresita.vargas@diputados.gob.mx ,Morena,Licenciatura,0,0,15 ,10,1 ,0,0,0,10,16
Dip. Alfredo Vazquez Vazquez,Mayoría Relativa,Chiapas ,3 ,alfredo.vazquez@diputados.gob.mx ,Morena,Licenciatura,3 ,0,15 ,10,1 ,1,0,0,11,19
Dip. Marcela Guillermina Velasco González,Representación proporcional,México ,5 ,marcela.velasco@diputados.gob.mx ,Pri,Maestría,43 ,3,1 ,0,7 ,0,0,0,3,51
Dip. María Luisa Veloz Silva,Representación proporcional,San Luis Potosí ,2 ,maria.veloz@diputados.gob.mx ,Morena,"Secretaria de Finanzas del CEE, San Luis Potosí",9 ,1,15 ,10,0,0,0,0,11,24
Dip. Julieta Kristal Vences Valencia,Mayoría Relativa,Puebla ,8 ,julieta.vences@diputados.gob.mx ,Morena,Maestría,22 ,0,15 ,10,4 ,0,5 ,0,10,46
Dip. Vicente Javier Verastegui Ostos,Mayoría Relativa,Tamaulipas ,6 ,vicente.verastegui@diputados.gob.mx ,pan,Licenciatura,65 ,5,26 ,2,0,0,1 ,0,7,92
Dip. Jesús Carlos Vidal Peniche,Mayoría Relativa,Yucatán ,1 ,jesus.vidal@diputados.gob.mx ,vrd,Licenciatura,4 ,0,29 ,2,2 ,0,28 ,4,6,63
Dip. Alejandro Viedma Velázquez,Representación proporcional,México ,5 ,alejandro.viedma@diputados.gob.mx ,Morena,Licenciatura,6 ,0,15 ,10,2 ,0,0,0,10,23
Dip. Alberto Villa Villegas,Representación proporcional,Jalisco ,1 ,alberto.villa@diputados.gob.mx ,Morena,Licenciatura,4 ,0,15 ,10,0,0,0,0,10,19
Dip. Lilia Villafuerte Zavala,Mayoría Relativa,Guanajuato ,10 ,lilia.villafuerte@diputados.gob.mx ,vrd,Maestría,75 ,5,23 ,1,2 ,0,3 ,0,6,103
Dip. Mirtha Iliana Villalvazo Amaya,Mayoría Relativa,Nayarit ,3 ,mirtha.villalvazo@diputados.gob.mx ,Morena,Licenciatura,11 ,0,15 ,10,5 ,0,0,0,10,31
Dip. Rocío del Pilar Villarauz Martínez,Representación proporcional,Ciudad de México ,4 ,rocio.villarauz@diputados.gob.mx ,Morena,Pasante,25 ,4,15 ,10,2 ,0,4 ,0,14,46
Dip. Ricardo Villarreal García,Mayoría Relativa,Guanajuato ,2 ,ricardo.villarreal@diputados.gob.mx ,pan,.,77 ,5,25 ,2,2 ,0,2 ,0,7,106
Dip. Francisco Jorge Villarreal Pasaret,Representación proporcional,Chihuahua ,1 ,francisco.villarreal@diputados.gob.mx ,Morena,Ninguna,0,0,4 ,1,0,0,0,0,1,4
Dip. Juan Carlos Villarreal Salazar,Mayoría Relativa,Jalisco ,7 ,jcarlos.villarreal@diputados.gob.mx ,ano,Maestría,20 ,2,27 ,1,5 ,1,1 ,0,4,53
Dip. Silvia Lorena Villavicencio Ayala,Mayoría Relativa,Ciudad de México ,16 ,lorena.villavicencio@diputados.gob.mx ,Morena,Representante ante el IFE,16 ,1,15 ,10,13 ,1,4 ,0,12,48
Dip. Alfredo Villegas Arreola,Representación proporcional,Sinaloa ,1 ,alfredo.villegas@diputados.gob.mx ,Pri,Licenciatura,20 ,1,1 ,0,2 ,1,1 ,0,2,24
Dip. Héctor Joel Villegas González,Mayoría Relativa,Tamaulipas ,3 ,hector.villegas@diputados.gob.mx ,Encuentro,Licenciatura,15 ,1,5 ,1,4 ,0,0,0,2,24
Dip. Dulce María Corina Villegas Guarneros,Mayoría Relativa,Veracruz ,15 ,dulce.villegas@diputados.gob.mx ,Morena,,5 ,2,15 ,10,5 ,0,0,0,12,25
Dip. Merary Villegas Sánchez,Mayoría Relativa,Sinaloa ,7 ,merary.villegas@diputados.gob.mx ,Morena,Pasante,5 ,1,15 ,10,0,0,1 ,0,11,21
Dip. Dionicia Vázquez García,Mayoría Relativa,México ,2 ,dionicia.vazquez@diputados.gob.mx ,_PT,Secundaria,13 ,1,6 ,0,2 ,0,1 ,0,1,22
Dip. Héctor Yunes Landa,Representación proporcional,Veracruz ,3 ,hector.yunes@diputados.gob.mx ,Pri,Maestría,15 ,1,1 ,0,3 ,0,0,0,1,19
Dip. Claudia Valeria Yáñez Centeno y Cabrera,Mayoría Relativa,Colima ,1 ,claudia.yanezcenteno@diputados.gob.mx ,Morena,Otro,29 ,3,15 ,10,0,0,1 ,0,13,45
Dip. Xochitl Nashielly Zagal Ramírez,Mayoría Relativa,México ,7 ,xochitl.zagal@diputados.gob.mx ,Morena,Pasante,30 ,4,15 ,10,3 ,0,1 ,1,15,49
Dip. Casimiro Zamora Valdéz,Mayoría Relativa,Sinaloa ,4 ,casimiro.zamora@diputados.gob.mx ,Morena,Licenciatura,13 ,1,15 ,10,1 ,0,1 ,0,11,30
Dip. Martha Angélica Zamudio Macias,Representación proporcional,Jalisco ,1 ,martha.zamudio@diputados.gob.mx ,ano,Carrera Trunca,15 ,2,27 ,1,6 ,0,3 ,0,3,51
Dip. Eduardo Zarzosa Sánchez,Mayoría Relativa,México ,9 ,eduardo.zarzosa@diputados.gob.mx ,Pri,Maestría,42 ,3,1 ,0,1 ,0,1 ,0,3,45
Dip. Graciela Zavaleta Sánchez,Representación proporcional,Oaxaca ,3 ,graciela.zavaleta@diputados.gob.mx ,Morena,Primaria,6 ,1,15 ,10,8 ,1,0,0,12,29
Dip. Armando Javier Zertuche Zuani,Mayoría Relativa,Tamaulipas ,9 ,armando.zertuche@diputados.gob.mx ,_PT,Doctorado,9 ,1,16 ,10,0,0,1 ,0,11,26
